Z Prefix,Kit,Notes
1030999,** K_OXLXLGU,"OXFORD LEFT MEDIAL BEARINGS FEMUR SZ XL, BEARINGS 3-9"
1240883,** K5221ARMCA,PERSONA MC RIGHT MICRO VIVACIT-E SURFACES FOR TIBIA SIZE A/B FEMUR 3/4
342925,00-6260-046-00,A-FRAME ALIGNMENT GUIDE
727857,00-8334-010-00,CPT 12/14 RASP HANDLE (loose)
694444,110002768,G7 TYPE 1 FEMORAL HEAD PROV (G7HDT1)
1164637,2.9Toggleloc,TOGGLELOC 2.9MM IMPLANT KIT
243670,22,22MM FEMORAL HEAD 6 DEG. TAPER 
243524,28,28MM FEMORAL HEAD 6 DEG. TAPER
702120,3.2DKIT,(S) 3.2 QUICK CONNECT DRILL BITS
979306,31-173TRL,M2A MAGNUM HD SZ 38-60 & M2A-MAGNUM NK 12 / 14 -6MM thru +9 Trials
243525,32,32MM FEMORAL HEAD 6 DEG. TAPER
848546,32_48CPS,COMPRESS RDC RESECTION INST
667491,32-423536,OXFORD MICROPLASTY FEM INST - GEN3 METAL - MEDIUM (OXMD3)
667619,32-423536,OXF MP FEMUR MED METAL TRAY - (OXMD3) 32-423536 Knee
667492,32-423537,OXFORD MICROPLASTY FEM INST - GEN3 METAL - LARGE (OXLG3)
667494,32-423540,OXFORD MICROPLASTY TIB INST - GEN3 METAL - CASE 2 (OXTIB23)
667623,32-423540,NEW OXFORD MICROPLASTY TIBIAL INSTRUMENTS #2 (OXTIB23)
243526,36,36MM FEMORAL HEAD 6 DEG TAPER
628052,360B,1st Gen. 360 5-IN-1 LOCKING TIB TRIALS (plastic lid)
686968,360B2,2 nd Gen. 360 5-IN-1 LOCKING TIB TRIALS (metal lid) [17LB]
698737,360CB,360 CONSTRAINED BEARING 999561
698741,360FA,360 FEM AUGMENTS 999559
628056,360FL,360 LARGE FEMORAL TRIALS 75-80
686936,360FL2,2nd Gen. 360 LARGE FEMORAL TRIALS 75-80 [16LB]
628054,360FM,360 MEDIUM FEMORAL TRIALS 65-72.5
686930,360FM2,2 nd Gen. 360 MEDIUM FEMORAL TRIALS 65-72.5 [21LB]
628055,360FP,360 FEMORAL PREP
686934,360FP2,2 nd Gen. 360 FEMORAL PREP [22LB]
628053,360FS,1 st Gen.360 SMALL FEMORALTRIALS 55-62.5
686926,360FS2,2nd Gen. 360 SMALL FEMORAL TRIALS (55-62.5 mm) [17LB]
628057,360G,360 REVISION GENERAL INST. (999263)
686521,360G2,2nd Gen. 360 REVISION GENERAL INST [21LB]
719429,360LF,360 LEFT FEMURS
698742,360NCB,360 NON CONSTRAINED BEARING 999562
698746,360ODD,360 STEM V2 ODD SIZES 
638738,360OS,360 OSSEOTI SLEEVE AUGMENTS
687780,360OS2,2nd Gen. 360 OSSEOTI SLEEVE AUGMENTS
698744,360P,360 POST/AUG/FEM/ADPT/WING 999559
628060,360R,360 REVISION REAMERS
686978,360R2,2 nd Gen. 360 REVISION REAMERS
841537,360R3,3 rd Gen. 360 REVISION REAMERS [16LB]
716517,360RF,360 RIGHT FEMURS
628058,360SE,360 LONG STEM EVEN TRIALS
686932,360SE2,2nd. Gen. 360 LONG STEM EVEN TRIALS [17LB]
904969,360SMOOTH,"360 Smooth Stems 40s, 80, and 120  x2"
628059,360SO,360 LONG STEM ODD TRIALS
686970,360SO2,2 nd Gen. 360 LONG STEM ODD TRIALS [10LB]
628061,360SOE,360 STEM ODD/EVEN TRIALS
686929,360SOE2,2nd. Gen. 360 STEM ODD/EVEN TRIALS [22LB]
698745,360SP,360 SPLINED STEM 999560
628051,360TA,360 TIBIAL AUGMENT PROV
686977,360TA2,2 nd Gen.360 TIBIAL AUGMENT PROV [11LB]
698747,360TAKIT,360 TIB TRAY AND AUGMENTS 999558
628062,360TP,360 TIBIA PREP INST
686969,360TP2,2 nd Gen. 360 TIBIA PREP INST [22LB]
707039,360VSV2LS,VNGN 360 160MM and 200MM STEMS 999686
740397,4058COMP,COMP REVERSE STD BSPLT INST 1/1 (999264) [9LB]
816035,430100,999461 COMPRESS ANCHOR PLUG EXTRACT
708033,593103,ARCOS CONE TRIAL INSTR - (ARCCON)
1195527,5996-03/25-10/17,NEXGEN LPS ALL POLY ART SURFACES (C/H 10/17MM)- NO CI ZBCHI
638759,ABCS,AUTOGENOUS BONE CORING SYSTEM
692677,ACJ,AC JOINT TRAY
704169,ACJOINT,AC JOINT RECONSTRUCTION SET
638837,ACLGB,ACL GRAFT BOARD
638928,ACLIP,PERCISION ACL INSTRUMENT SET
628072,ACSA,ARCOS ASSEMBLY/DISASSEMBLE INST [15LB]
628073,ACSB,ARCOS BROACH CALCAR PROX BODY TRIALS [12.5LB]
628074,ACSC,ARCOS CONE BODY TRIALS [18LB]
628078,ACSDT1,ARCOS STS DISTAL TRIAL AND REAMERS 150/250 (1/2 - 999334) [17LB]
628079,ACSDT2,ARCOS STS DISTAL TRIALS AND REAMERS 190 (2/2 - 999334) [17LB]
628076,ACSG,ARCOS GENERAL INST [23.5LB]
1502424,ACSGX,ARCOS GENERAL INST [23.5LB]
628239,ACSIL,LQ***ARCOS INTERLOCKING INST
628240,ACSM1,ARCOS MACRO STS INSTRUMENTS 21-25 mm  x 150 mm [16LB]
659877,ACSM2,ARCOS MACRO STS INSTRUMENTS  21-25mm X190mm
628243,ACSMA1,ARCOS MACRO STS INSTRUMENTS  26-30 mm x 150 mm
664457,ACSMA2,ARCOS MACRO STS INSTRUMENTS  26-30 mm x 190 mm
628242,ACSMP,ARCOS MACRO PROXIMA
628077,ACSPD,ARCOS POROUS DISTAL TRIALS
628075,ACSR,ARCOS FLEXIBLE REAMERS [16LB]
628080,ACSTB,ARCOS TROCH / BOLT [11LB]
628280,ACSTR,ARCOS POR DIST  TRANS REAMERS 593109 [12LB]
628064,ACTA,ACTIVE ARTICULATION INST 999353
878911,ACTAD,ACTIVE ARTICULATION WITH DUAL MOBILITY INST
1457702,ACTIVBRAID,ACTIVBRAID KIT
628067,AFN1,AFFIXUS NAIL CASE 1 (JIGS and  LAGS) (DIRECT PURCHASE ONLY)
628068,AFN2,AFFIXUS NAIL CASE 2 (EXTRACTION / INSERTION) (DIRECT PURCHASE ONLY)
678751,AFN3,AFFIXUS CASE 3 OPTIONAL (FULL ANATOMY JIGS) (DIRECT PURCHASE ONLY)
1205547,AFXHFL125,LQ***AFFIXUS LONG NAIL LEFT 125 DEG
704579,AFXHFL130,LQ***AFFIXUS LONG NAIL LEFT 130 DEG
1205549,AFXHFR125,LQ***AFFIXUS LONG NAIL RIGHT 125 DEG
704578,AFXHFR130,LQ***AFFIXUS LONG NAIL RIGHT 130 DEG
704417,AFXSS,LQ***AFFIXUS SHORTS AND SCREWS
818312,AGCTRD,BIOMET AGC TIBIAL RESECTOR (Dr. Danoff)
654488,ALEXIHIP,ALEXIADES HIP CUSTOM INST
683180,ALF1,ALPS LARGE FRAG PLATE TRAY (DIRECT PURCHASE ONLY)
683181,ALF2,ALPS LARGE FRAG INSTRUMENT AND SCREW TRAY (DIRECT PURCHASE ONLY)
951100,ALLG1,(T) ALLIANCE GLENOID 3 AND 4 PEG IMPLANT SET
958006,ALLG2,(T) ALLIANCE GLENOID 4 PEG IMPLANT SET
1468948,ALLG4,(T) ALLIANCE GLENOID 2 PEG IMPLANT SET
950205,ALLGLN_COMBO,"ALLIANCE GLENOID INSTRUMENTS COMBO (ALLGLN01,ALLGLN10,ALLGLN11) [18LB]"
936643,ALLGLN01,ALLIANCE GLENOID INSTRUMENTS (ALLGLN01) [17LB]
666343,ALPSE,ALPS ELBOW INST (DIRECT PURCHASE ONLY)
698440,ALPSPHP,ALPS PROXIMAL HUMERUS PLATING SYSTEM - TRAUMA
679645,ALPSPT,ALPS PROX TIBIA (DIRECT PURCHASE ONLY)
628070,ALPSS,ALPS SMALL FRAG (DIRECT PURCHASE ONLY)
1497914,Alvarado Hip Cage,Z1 G7 Alvarado Hip cage x2 (c)
1406383,Alvarado Knee Cage,Mobile Cart CR/MC/TM Left and Right Knee Implants Monte (Cage)
1435054,ANKMVX1,MVX ANK CORE INS/SCRWS TRAY 1 (ANKMVX1)
1435055,ANKMVX2,MVX ANKLE PLATES/INST TRAY 2 (ANKMVX2)
628238,API,ASYMMETRIC SERIES A PATELLA INST (9.5LB)
326817,APS1,ANATOMIC HIP GENERAL INSTRUMENTS
321982,AR1,HALL ACETABULAR REAMERS
321983,AR2,ACETABULAR REAMER KIT 1MMINCREMENTS 36-70 (AR2) [13LB]
628063,AR2A,ACETABULAR REAMERS [12LB]
321984,AR3,ACETABULAR REAMER KIT 1MMINCREMENTS 71-80 JMBO AR3
1433584,AR5,ACETABULAR REAMER KIT 36-70 (AR5)
703897,ARCBC,(T) ARCOS BOLTS/CLAWS SET 999832
839472,ARCFLX,ARCOS FLEXIBLE REAMERS INSTRUMENT TRAY (ARCFLX)
322450,Archived S9,Archived S9 TM Fem cone aug
1344384,ARCMA2,ARCOS MACRO TPR RMR 115/300 INST KIT (593112)
822460,ARCMA4,ARCOS MACRO 21-25X150 STSINSTR KIT (ARCMA4)(ARM2150)(593114
1487972,ARCPBE,ARCOS CONE PROXIMAL BODIES SIZE E
1487953,ARCPBF,ARCOS CONE PROXIMAL BODIES SIZE F
1487973,ARCPBG,ARCOS CONE PROXIMAL BODIES SIZE G
1487952,ARCPBH,ARCOS CONE PROXIMAL BODIES SIZES A-D HIGH OFFSET
1487971,ARCPBS,ARCOS CONE PROXIMAL BODIES SIZES A-D STANDARD
656703,ARFLEX,ARCOS FLEXIBLE RMRS INSTR CS (593106 - ARCFLX - ZBTS)
717811,ARHR01,L2L RADIAL HEAD INSTRUMENT SET (ARHR01)
1194008,ARSTS150,ARCOS STS DISTALS 12-20 150mm 999834
1194027,ARSTS150M,ARCOS MACRO STS DISTALS 21-25 150MM 999873
1194015,ARSTS150MAC,ARCOS MACRO STS DISTALS 26-30 150MM 999873
1194009,ARSTS190,ARCOS STS DISTALS 12-20 190mm 999834
1194028,ARSTS190M,ARCOS MACRO STS DISTALS 21-25 190MM 999873
1194016,ARSTS190MAC,ARCOS MACRO STS DISTALS 26-30 190MM 999873
1194010,ARSTS250,ARCOS STS DISTALS 12-20 250mm 999834
1194014,ARSTS250M,ARCOS MACRO STS DISTALS 21-25 250MM 999873
1194017,ARSTS250MAC,ARCOS MACRO STS DISTALS 26-30 250MM 999873
715357,ASCT,ASCENT BEARING TRIALS [18LB]
831303,ASHCOM,ASHCOM SHOULDER INSTR KIT(ASHCOM)
628237,ASI,ANTERIOR SUPINE INST CASE [23LB]
825993,ASI2,ASI 2.0 INSTRUMENT SET
905437,ASI2.0,ASI 2.0 RETRACTOR KIT (ASIRTR) [19LB]
1077246,ASIGNRL,ASI 2.0 GENERAL INSTR KIT (ASIGNRL) [15LB]
321985,ASRAS,ZIMMER A/S RASP HANDLE KIT (ASRAS) [13LB]
692846,ATK,"TBD - Temporary Consignment 	 "
905873,AUDIT,Missing from cycle count A@M@P
1145888,AVECLSH,(T) AVENIR COMPLETE CORE HIGH OFFSET COLLARLESS STEMS 0/7.5
967527,AVECLSM,(S) AVENIR COMPLETE MACRO STANDARD COLLARLESS STEMS 8/9
1145891,AVECLSMH,(S) AVENIR COMPLETE MACRO HIGH OFFSET COLLARLESS STEMS 8/9
1145889,AVECLSMV,(S) AVENIR COMPLETE MACRO COXA-VARA COLLARLESS STEMS 8/9
929065,AVECLSS,(T) AVENIR COMPLETE CORE STANDARD COLLARLESS STEMS 0/7.5
1046874,AVECLSV,(T) AVENIR COMPLETE CORE COXA-VARA COLLARLESS STEMS 0/7.5
1145886,AVECOH,(T) AVENIR COMPLETE CORE HIGH OFFSET COLLARED STEMS 0/7.5
1145906,AVECOMH,(S) AVENIR COMPLETE MACRO HIGH OFFSET COLLARED STEMS 8/9
924606,AVECOMS,(S) AVENIR COMPLETE MACRO STANDARD COLLARED STEMS 8/9
1145887,AVECOMV,(S) AVENIR COMPLETE MACRO COXA-VARA COLLARED STEMS 8/9
911625,AVECOS,(T) AVENIR COMPLETE CORE STANDARD COLLARED STEMS 0/7.5
1051146,AVECOV,(T) AVENIR COMPLETE CORE COXA-VARA COLLARED STEMS 0/7.5
1145400,AVENCL,(T) AVENIR CEMENTED LATERAL STEMS 1/9
300571,AVENCS,(T) AVENIR CEMENTED STANDARDS STEMS 1/9
1145406,AVENL,(T) AVENIR MULLER LATERAL STEMS 1/9
250873,AVENS,(T) AVENIR MULLER STANDARD STEMS 1/9
1344242,AVITUS DEMO,Avitus Bone Harvester Demo
321987,AVNR01,AVENIR RASP INSTR KIT (AVNR01) [13LB]
321988,AVNR02,AVENIR INSTRUMENT KIT (AVNR02)
330113,AVNR02_Combo,"AVENIR INSTRUMENT KIT (AVNR02,AVNRCM)"
846045,AVNR03,AVENIR INSTRUMENT EXTRACTOR
1117982,AVNR05,AVENIR STATND BROACHES AND NECKS
980986,AVNRC07,AVNR CMP EFFICIENT COMPACT KT
909695,AVNRC08,AVENIR COMPLETE EFFICIENTHYBRID KIT [23LB]
1270721,AVNRC08_Custom Dimaio,AVENIR COMPLETE EFFICIENT HYBRID KIT
980950,AVNRC09,AVNR CMP MACRO COMPACTION
915604,AVNRC10,AVENIR COMPLETE MACRO HYBRID KIT (AVNRC10)
321989,AVNRCM,AVENIR CEM INSTRUMENT KIT
1326422,AVNRG7_CAGE,(C) AVENIR COMPLETE COLLARED AND G7 IMPLANTS CAGE
682415,B_ARCCAL,ARCOS CALCAR PROXIMAL BODIES (BIOMET)
702160,B22,(S) COCR FEM HD 22MM TYPE 1
1497569,B22B,ZB T1 CERAMIC HD 22.2MM X -3/+0/+3
699381,B28,(S) COCR FEM HD 28MM TYPE 1
699377,B32,(S) COCR FEM HD 32MM TYPE 1
699360,B36,(S) COCR FEM HD 36MM TYPE 1
699383,B40,(S) COCR FEM HD 40MM TYPE 1
700843,B44,44 COCR BIOMET HEADS
629022,BBP1,BIPOLAR/ENDO HEAD INST
666246,BCAN4COMBO,4.0mm / 5.0mm CANNULATED SCREWS TRAY  (NONE IN TERRITORY DIRECT PURCHASE ONLY)
700819,BCH,(S) BIOLOX CERAMIC HEADS W/ ADAPTER SET
807786,BCNR,BIOMET  CUSTOM NAIL REMOVAL INSTRUMENTATION
1497849,BCRPLUGS,BONE CEMENT RESTRICTOR 
702869,BENDO,(T) ENDO HEADS W ADAPTER KIT
1306767,BF V13,BF EXTRACTION SET (V13 w BF hook)
328584,BF1,BF SHOULDER GLENOID INSTRKIT (BF1) [16LB]
321991,BF10,B/F CANNULATED INSTRUMENTSET (BF10)
337179,BF11,BF SHOULDER HUMERAL INSTRKIT [24.5LB]
337182,BF12,BF SHOULDER HEAD INSTR KIT
328585,BF2,BF SHOULDER HUMERAL INSTRKIT (BF2)
328586,BF3,B/F EXPANDED HEADS PROVISIONAL SET (BF3)
321992,BF5,B/F SHOULDER RETRACTOR SET (BF5) [9LB]
328587,BF7,B/F FRACTURE INSTRUMENT KIT (BF7)
328588,BF8,B/F 17/18MM HUMERAL STEM INST SET (BF8)
368928,BFHEADS,(T) BF HUMERAL HEADS & BF OFFSET HUMERAL HEADS
1469271,BFSI,BF SHOULDER STERILE INSTRUMENTS
368929,BFSTEMS,(T) BF CEMENTED HUMERAL STEMS
321993,BFTMG,TM GLENOID INST SET (BFTMG)
638877,BHMIS57,BIOMET OFFSET ACET REAMER HANDLE  - Black Handle
1126172,BIOWICK2,BIOWICK INST SET
654398,BKCB,BROOKLYN CUSTOM KNEE (with blocks - RDWO edition)
725077,BKCB2,BROOKLYN CUSTOM KNEE (with blocks - SSI edition)
649150,BMC,BIOMET CENTRIFUGE 115V 50/60HZ DRUCKR
731040,BMS4,Bio Modular total shoulder
679725,BNR,BIOMET NAIL REMOVAL
1201910,Boccio Custom Knee,Boccio Custom Knee
628529,BOH,OSTEOTOME HANDLE
1487929,BOLD28,28 OLD BIOLOX CERAMIC HEADS
1487930,BOLD32,32 OLD BIOLOX CERAMIC HEADS
700845,BOLD36,36 OLD BIOLOX CERAMIC HEADS
638839,BONEM,BONE MULCH TRAY
321994,BP1,MULT/UNI COMP PROV SET W/12/14 ENDO LINERS BP1
321995,BP5,MULTIPOLAR/UNIPOLAR COMPLETE PROVISIONAL SET BP5
241031,BUTT,(S) TM BUTRESS AUGMENTS (CAGE)
286497,C/M ELBOW,COONRAD MORREY ELBOW KIT (add c/m nexel cem kit) : 57-8105-000-00 (39 pcs)
1438965,C_OSSPORST,"CORE OSS - POROUS STEMS - 90MM,150MM, 225MM (ZBTS)"
321998,CA32E,32MM CR ELEV RIM PROV LIN(CA32E)
330115,CA32E_COMBO,"CONTINUUM PROV ELEV LINER TRAY (CA32E,CA36E,CA40N,FH40)_TBV [13LB]"
330116,CA32EHB_COMBO,"CONTINUUM PROV ELEV LINER TRAY HARD BRG (CA32E,CA38E,CANHB,FH40)"
331998,CA32EJ_COMBO,CONTINUUM Jumbo liners (32 & 36 Elevated / 40 Nuetral) with  40 head provs.
322000,CA32N,32MM NEUT PROV LINER CORE(CA32N)
330117,CA32N_COMBO,"CONTINUUM PROV NEUT LINER (CA32N,CA36N,CASHL,FH36)"
804292,CA32NJ COMBO,CONTINUUM 32 &36 Nuetral Jumbo Liners with Jumbo Shells [14LB]
330118,CA32O_COMBO,"CONTINUUM 7 mm OFFSET LINER PROVS. 32 & 36 ID (CA32O,CA36O,)"
330119,CA32OB_COMBO,"CONTINUUM PROV OBLIQUE LINER (CA32OB,CA36OB)"
322004,CA36E,36MM CR ELEV RIM PROV LIN(CA36E)
322006,CA36N,36MM NEUT PROV LINER CORE(CA36N)
322010,CA40N,40MM NEUT PROV LINER CORE(CA40N)
241068,CABLE,(T) GTR PLATES AND COCR CABLES - TRAUMA
1182652,Cable_ACCS,Cable ready Accessory Tray
322012,CACNS,CONST CORE PROV CONTINUUM (CACNS)
322013,CACNSJ,32/36MM JUMBO CONST PROV LINERS (CACNSJ)
322014,CACRV,CONTINUUM ACETABULAR MIS CURVED INSTRUMENT KIT [15LB]
322015,CALHN,NEUT LINER LARGEST HD COR(CALHN)
322016,CAMICR,CONTINUUM MIC INST PROV SHL & LINE(CAMICR)
321927,CAN1COMBO,3.0 ZIMMER CANNULATED SCREW INST & IMPL COMBO SET (NONE IN TERRITORY DIRECT PURCHASE ONLY)
322018,CAN2,"CANNULATED SCREW, 3.5, 4.0MM INSTRUMENT SET (CAN2) (DIRECT PURCHASE ONLY)"
321928,CAN2COMBO,3.5/4.0 ZIMMER CANNULATED SCREW INST & IMPL COMBO SET (DIRECT PURCHASE ONLY)
321929,CAN3COMBO,4.5 ZIMMER CANNULATED SCREW INST & IMPL COMBO SET (NONE IN TERRITORY DIRECT PURCHASE ONLY)
321930,CAN4COMBO,5.5 ZIMMER CANNULATED SCREW INST & IMPL COMBO SET (NONE IN TERRITORY DIRECT PURCHASE ONLY)
321931,CAN5COMBO,7.5 ZIMMER CANNULATED SCREW INST & IMPL COMBO SET (NONE IN TERRITORY DIRECT PURCHASE ONLY)
321932,CAN6COMBO,6.5 ZIMMER CANNULATED SCREW INST & IMPL COMBO SET (DIRECT PURCHASE ONLY)
321933,CAN7COMBO,7.0 ZIMMER CANNULATED SCREW INST & IMPL COMBO SET (DIRECT PURCHASE ONLY)
322024,CANHB,CR HARD BRG INST CORE SET(CANHB)
1196506,Capp Custom Hip,Dr. Cappellino Custom Hip Tray
322026,CAS101,ELIBRA TIB INS TRI SET ZNG
322030,CAS201,KNEE INSTRUMENT KIT (CAS201)
1044026,CAS205,IASSIST V2 US TABLET KIT
1017994,CAS300,SV2 STAND KIT - SPECIALTY VERIFICATION
1017980,CAS301,SV2 CAMERA KIT - SPECIALTY VERIFICATION
1017981,CAS302,SV2 CPU KIT - SPECIALTY VERIFICATION
322031,CASCR,CONTINUUM SCREW INSTRUMENTATION (CASCR) [9LB]
322032,CASHL,PROV SHELLS CORE SET (CASHL)
1435322,Cassidy_Cust_Hip2,Dr. Cassidy Custom Hip Instrument Set G7
322034,CASTR,CONTINUUM ACETABULAR STRAIGHT INSTRUMENT KIT (CASTR) [15LB]
322035,CCK1,IB II CCK FEML/TIB TRAY/AUGM BLOCK/PATEL PROV CASE
322036,CCK2,IB II CCK INSTRUMENTS/TIBIAL ART SURF PROV
666502,CCP,ALPS MIS/MESH LOCKING CALCANEUS PLATING SYSTEM (CCP) (NONE IN TERRITORY DIRECT PURCHASE ONLY)
1496770,CFG,BIOMET CENTRIFUGE 115V 50/60HZ DRUCKR
686999,CGI,COMPRESS GENERAL INSTRUMENT
322037,CGUN,POWER-FLO CEMENT INJECTOR(CGUN)
629028,CHAR,CHARLOTTE SHOULDER  INSTRUMENT TRAY
957648,CHARC,CHARLOTTE SHOULDER CUSTOM MERCY INSTRUMENT TRAY
820479,CHARN,NEW CHARLOTTE SHOULDER INSTRUMENT TRAY
877219,CHEN HIP EXTRAS,Custom Hip Tray Dr. Chen
629026,CHR1,CEMENT HAND REMOVAL INST CASE1
629027,CHR2,CEMENT HAND REMOVAL INST CASE2
637338,CHRH,COPELAND INSTR RESURFACING HEAD
330120,CIF100_COMBO,"PRI FEM/GEM INST (CIF100, CIF110)"
331992,CIF401_COMBO,PRI CR PROV/ ART SURF (CIF401/CIF403)
331993,CIF402_COMBO,PRI CR PROV/ ART SURF ( CIF402/CIT403)
322045,CIF451,PRI LEFT LPS FLEX PROV KIT (CIF451)
322046,CIF452,PRI RIGHT LPS FLEX PROV KIT (CIF452)
330121,CIP300_COMBO,"PRI NEXGEN PATELLA (CIF320, CIP300, CIT330)"
330122,CIT200_COMBO,"PRI TIBIAL INST (CIT200, CIT220)"
322053,CIT453,PRI LPS TIBIAL A/S PROV (CIT453)
840544,CL40N,CONTINUUM  40MM LINER KIT
1435057,CLKS,Comprehensive Locking Screws 15-35 Central 20-35
970308,CLV1,CLAVICLE-ALPS CLASSIC NON STERILE SET (CLV1) (DIRECT PURCHASE ONLY)
840543,CLV40N,CONTINUUM VIT-E 40MM LINERS
322056,CM1,C/M ELBOW INSTRUMENTATION& CASE (CM1)
964646,CMBIOWICK,BIOWICK SURLOCK 5.5 INST SET
911094,CMGTS,CAYENNE MEDICAL GT SIDELOAD SUTURE PASSER
788554,CMIFIXINST,CM IFIX INTERFENCE SCREWS INSTRUMENTS
1469270,CMRESTRSET,C/M CEMENT RESTRICTOR SE
790192,CMSINST,CAYENNE MEDICAL SHOULDER INSTRUMENT SET
790398,CMSLINST,CM SURELOCK INSTRUMENTS
322057,CN1,VERSYS LD/FX CONE COLLAR PROV SET CN1
322058,CN10,VERSYS ADVOCATE CONE COLLAR PROVISIONALS CN10
322060,CN2,VERSYS CEM CONE COLLAR PROV SET CN2
322061,CN3,VERSYS POR/ET CONE COLLARPROV SET CN3
322062,CN3U,POR/ET CONE CLR PROV SET (COLLARED)
322063,CN4,VERSYS POR/ET CONE PROV SET (COLLARLESS)
322064,CN4U,POR/ET CONE PROV SET (COLLARLESS)
322065,CN5,VERSYS HERITAGE PRIMARY INSTRUMENT SET CN5
322066,CN6,POR EXT OFF CONE CLR PROV SET (COLLARED)
322067,CN7,POR EXT OFF CONE PROV SET (COLLARLESS)
1182286,COAXIS,COMPREHESIVE SHOULDER OFF-AXIS REAMER
835136,COMAB,COMP SHOULDER AUG BASEPLATE INST [12LB]
1501105,COMHBR,COMPR HUM BROACH/REAMER (COMHBR)
1513777,COMHBRM,COMPR HUM MICRO BROACH/REAMER (COMHBR)
1501122,COMMAC,COMPR HUM BROACH/REAMER MACRO (COMMAC)
1125869,COMNAN,COMPR NANO INSTR KIT (COMNAN)
1031608,COMPREVMITI,(T) Comprehensive Reverse Mini Titanium
1501104,COMRGP4,COMPR REVERSE GLENOID OPT GEN4 (COMRGP4)
879215,COMVRS,VAULT RECONSTRUCTION SYST VRS
330458,CON2M1,CONTINUUM MULTIHOLE MICRO 44/46MM
243665,CONC,(T) CONTINUUM LONGEVITY CONSTRAINED LINERS
326820,CONIMP,Dimaio Custom Contiuum Impactor Tray
327736,CONLV,VIVACIT-E CONTINUUM LINERS 32/36 MM STD AND ELV
325884,CONLVM,VIVACIT-E MICRO CONTINUUM LINERS
702865,CP194,(S) COMPREHENSIVE SHOULDER SYSTEM 194MM STEMS LOANER #999747
322069,CP28L,CONVERGE 28MM TRIAL INSERTS CASE (CP28L)
322071,CP32L,CONVERGE 32MM TRIAL INSERTS CASE (CP32L)
322072,CP38L,CONVERGE 38MM TRIAL INSERTS&HEAD TRIALS CASE CP38L
788598,CP46TRL,"3.2MM ACET LOCK SHORT & LONG DRL Gde., EXACT FLEXIBLE DEPTH GAUGE (Loose)"
322073,CPACE1,CONVERGE ALIGNER IMPACTORCASE (CPACE1)
322075,CPACE3,CONVERGE SHELL TRIAL CASE(CPACE3)
322082,CPANI1,ANATOMICAL SHOULDER PEGGED GLEN INST CASE (CPANI1)
322086,CPAPR3,APR HIP INSTRUMENTS SIZER& IMPACTOR CASE CPAPR3
322087,CPAPR4,APR HIP UNIVERSAL INSTRUMENTS CASE 1 OF 2 CPAPR4
322088,CPAPR5,APR HIP UNIVERSAL INSTRUMENTS CASE 2 OF 2 CPAPR5
322089,CPAPR7,APR HIP INSTRUMENTS OVERSIZED BROACHES CASE CPAPR7
322090,CPBI1,BIPOLAR INSTRUMENTS CASE (CPBI1)
322091,CPBI22,BIPOLAR TRIALS 22MM CASE (CPBI22)
322092,CPBI26,BIPOLAR TRIALS 26MM CASE (CPBI26)
330125,CPCN1_COMBO,"CP CONST LINER GENL INST AND TRIALS KIT(CPCN1,CPCN32)"
700849,CPF,(T) COMPREHESIVE SHOULDER FRACTURE   E_CFXS_L
322098,CPFEM3,NKII PRIM FEMORAL TRIALS CASE (CPFEM3)
36210,CPFRA,FRACSURE INSTRUMENT SET
772240,CPFS,(S) COMPREHENSIVE SHOULDER FACTURE POSITIONING SLEEVE
764641,CPHEADS,(T) COMP VERSA-DIAL HEADS
1262783,CPHUM1,(S) COMPREHENSIVE REVERSE SHOULDER MINI HUMERAL IMPLANT SET
911704,CPHUM2,(S) COMPREHENSIVE REVERSE SHOULDER VE MINI HUMERAL IMPLANT SET
1468947,CPHUM3,(S) OUTLIER COMPREHENSIVE REVERSE SHOULDER VE MINI HUMERAL IMPLANT SET
700856,CPMIC,(T) COMPREHENSIVE MICRO STEMS LOANER 999653
764640,CPMSTEM,(T) COMP PRIMARY MINI STEMS
326822,CPNH07,Natural Hip Size 00 and Size 7 Instruments
322125,CPNHR,NATURAL HIP STANDARD REAMERS KIT (CPNHR)
322126,CPNKTR,NKII PRIM CONGRUENT/ULTCONGRUENT TIB TRI (CPNKTR)
628296,CPOSI,COMPOSITCP INST
322127,CPPAT,NKII PRIM PATELLA INSTRUMENTS CASE w/bushings
909270,CPR2KIT,(S) COMPREHENSIVE REVERSE SHOULDER OUTLIER IMPLANT SET
322131,CPREAM,UNIVERSAL HIP ACETABULAR GRATERS CASE (CPREAM)
700853,CPROKIT,(T) COMPREHENSIVE REVERSE SHOULDER IMPLANT SET
1468941,CPROMINI,COMPREHENSIVE REVERSE HUMERAL TRAYS/ 36 BEARINGS W MINI BASEPLATE AND 40 GLEN
1435058,CPSI,(LS) COMP STERILE INSTRUMENTS
326823,CPSLAP,Centerpulse Slap and Removal Inst
322141,CPSPE4,NKII PRIM .040 SPEED BLOCK CASE (CPSPE4)
700818,CPSTEM,(T) COMP PRIM SHOULDER (122) STANDARD STEMS
694938,CPT 12/14 RASP HANDLE (loose),CPT 12/14 RASP HANDLE
240725,CPT2,CPT 6 deg REVISION INST TRAY
322144,CPT3B,CPT 12/14 PRIMARY INST/PROV  SET (CPT3B)
322147,CPTIB1,NKII PRIM TIB BASEPLATE/DRILL GUIDE CASE (CPTIB1)
322148,CPTIB2,NKII PRIM TIBIAL BASEPLATE IMPACTOR CASE (CPTIB2)
322149,CPUH1,NATURAL HIP UNIVERSAL INSTRUMENT KIT (CPUH1)
322151,CPUHSR,APR HIP INSTRUMENTS OPTIONAL REAMERS CASE CPUHSR
322154,CR1,CABLE-READY INST SET CR1
322155,CR1U,CABLE READY UPGRADED INST(CR1U) - TRAUMA [12LB]
330130,CR1U_COMBO,"CABLE READY UPGRADED INST AND PIN SET (CR1U,CR2)"
322156,CR2,CABLE PIN INSTRUMENT SET CR2
1344761,CRPHBWH,Comprehensive SRS Proximal Humeral Bodies Sm/Lg/Tumor/Intercalary W/SEAS Heads/Flanges/CSRA
818421,CRRT,COMPRESS REDUCED RESECTION TRIALS
628290,CS194,COMP REVISION 194MM STEM BRCH/PROV  #999254
835543,CSABP,(T) COMPREHENSIVE SHOULDER AUGMENTED BASEPLATE IMPLANTS
628281,CSAG,COMP SHOULDER ACCESS GLENOID [21LB]
679646,CSC1,COMPREHENSIVE CONVERTIBLE GLENOID INSTRUMENTATION 110017161
721931,CSCG,COMPREHENSIVE SHOULDER CONVERTIBLE GLENOID IMPLANT
628283,CSF,COMP SHOULDER  FRACTURE INST
735393,CSF HSP,COMP SHOULDER FRACTURE INST - Head and Stem Provs. (999510 - 1/3) [12LB]
735398,CSF PS,COMP SHOULDER FRACTURE INST - Positioning Sleeve (999510 - 3/3) [6LB]
735397,CSF Rmr.,COMP SHOULDER FRACTURE INST - Humeral Reamers (999510 - 2/3) [8LB]
738419,CSHG Keel,COMP SHOULDER HYBRID GLENOID Keeled Provs. (3/3 - 595267)
628285,CSMR,COMP SHOULDER MICRO REAMERS AND BROACHES  #253 [22LB]
628287,CSP archived,COMP PRIMARY SHOULDER INST
733547,CSP Br.,COMP SHOULDER PRIMARY  HUMERAL BROACH INSTS. [12LB]
733549,CSP Hd.,COMP SHOULDER PRIMARY HUMERAL HEAD PROVS. [10LB]
733548,CSP Rmr.,COMP SHOULDER PRIMARY HUMERAL REAMERS. [9LB]
662339,CSRE,COMPREHENSIVE REVERSE REVISION INST [10LB]
658737,CSRMB,COMP REVERSE MINI BASEPLATE INST w Humeral  & Glen trials 110028913 [22LB]
957587,CSRMB_OLD,COMP REVERSE MINI BASEPLATE Humeral & Glen trials old style add ins
662337,CSRR,COMP REVERSE RETRACTOR SET 110028914 [11LB]
689977,CSRS1,COMPREHENSIVE SRS  REAMERS
689979,CSRS2,COMPREHENSIVE SRS INST TRAY 2
689980,CSRS3,COMPREHENSIVE SRS INST TRAY 3
689983,CSRS4,COMPREHENSIVE SRS INST TRAY 4
689986,CSRS5,COMPREHENSIVE SRS INST TRAY 5
1344760,CSRSSTEMS,Comprehensive SRS 75/100/150/200 Stems
628292,CSSLB,COMP SHOULDER STANDARD LEGNTH BROACHES #999247
692701,CTR - Sht.,COMPRESS SHORT TRIPLE REAMERS (999460 -  2 of 3)
687000,CTR - Std.,COMPRESS STANDARD TRIPLE REAMERS (999460 - 3 of 3)
330131,CU28E_COMBO,"CONTINUUM NEUT AND ELEV 28MM PROV (CU28N,CU28E) [11LB]"
322159,CU32E,ELEVATED 32MM PROV CONTIN(CU32E)
330132,CU32E_COMBO,"CONTINUUM NEUT AND ELEV PROV (CU32E,CU36E,CU40N,FH40) [13LB]"
322160,CU32N,NEUT 32MM PROV CONTINUUM (CU32N)
330133,CU32N_COMBO,"CONTINUUM SHELL PROV SET(CU32N,CU36N,CASHL,FH36) [14LB]"
330134,CU32O_COMBO,"CONTINUUM OBLIQUED PROV (CU32O,CU36O)"
330135,CU32O7_COMBO,"CONTINUUM OFFSET PROV (CU32O7,CU36O7)"
322163,CU36E,ELEVATED 36MM PROV CONTIN(CU36E)
322164,CU36N,NEUT 36MM PROV CONTINUUM (CU36N)
322166,CU36O7,7MM OFFSET 36MM PROV CONT(CU36O7)
322167,CU40N,NEUT 40MM PROV CONTINUUM (CU40N)
328628,CUCNS,CONST CORE PROV CONTINUUM(CUCNS)
1348530,Cuellar Hip,Cuellar Hip
322168,CULHD,NEUT LARGEST HD PROV KIT (CULHD)
322169,CUMICL,CONTINUUM MICRO PROV LINER SET(CUMICL)
326824,CUSHIP,Dr. Dimaio Custom Natural Hip Set
816468,CUSTHIP,Custom hip tray
875733,DANOFF_TIBJIG,Danoff custom Jig
1477187,DAUBS CKInst,DAUBS CUSTOM KNEE Instruments
1326958,DAUBSHIP,Zimmer Daubs Custom Hip
961676,Dimaio_HIP,Dr. Dimaio Hip Inst set
982306,DIMAIO_PSN,DIMAIO CUSTOM PERSONA KNEE TRAY
1069446,Dimaio_screw,Dr. Diamio Hip Acetabular Screw set
330492,DISTAL TIB PLT 2,NON LOCKING DISTAL TIB PLATE
868162,Dr Long HSS Hip,Dr. Long Custom HSS Hip Tray
753680,DR NETT HIP CUSTOM,DR NETT HIP CUSTOM
954198,Dr. Chen Knee,Custom Knee Retractor
954350,Dr.Chen Hip,Dr. Chen Custom Hip Tray
322173,DURLDH,METASUL LDH LARGE DIAMETER HEAD INST SET (DURLDH)
628298,DVR,DVR ANATOMIC VOLAR PLATE TRAUMA- KIT#979570 (DIRECT PURCHASE ONLY)
733237,EAR,Exact Alliance Reamer (595602)
733241,EBm FPP,Echo Bi-metric FPP  fully toothed Broaches (ECHOBM1)
809740,EBm FPP2,ECHO BI-METRIC FPP partially toothed Broaches (ECHOBM3)
960949,EBm FTM,ECHO BI-METRIC FP/RP fully toothed Broaches 18-22
971208,EBm PTM,ECHO BI-METRIC Partial Tooth Macro Broach and Reamer Set 18-21MM
733244,EBm RPP,ECHO BI-METRIC RP fully toothed (ECHOBM2)
809739,EBm RPP2,ECHO BI-METRIC RP partially toothed (ECHOBM4)
809802,EBMRE,ECHO BI-METRIC REAMERS (ECHORMR)
689657,ECBM,ECHO BI-METRIC  MICROPLASTY INST
1487783,ECHOBM1,ECHO BI-METRIC FP FULL TOOTH INSTR (FPP)
1487801,ECHOBM2,ECHO BI-METRIC RED PROFILE FULL TOOTH INSTR (RPP)
1478473,ECHOBM3,ECHO BI-METRIC FP PARTIAL TOOTH INST (FPP2)
1478474,ECHOBM4,ECHO BI-METRIC RP PARTIAL TOOTH INST (RPP2)
809643,ECHOBMMP,ECHO BIMETRIC MICROPLASTY  (110025763)
733218,ECHOBP,ECHO ENDO BIPOLAR - CASE 4 INSTR KIT (ECHOBP) (595605)
1478540,ECHOBR,ECHO BROACH - RPP/HIP-FX RASP/ CASE 3 INSTR KIT (EXR)
702866,ECHOFPP,(T) ECHO BI-METRIC  STEM STD/LAT FPP
740078,ECHOFX,(T) ECHO FX CEMENTED HIP STEM
1478461,ECHOGEN,ECHO GENERAL - CASE 2 INSTR KIT (595603)
702868,ECHOMP,(T) ECHO BI-METRIC MICROPLASTY STEM KIT
1478360,ECHORMR,ECHO REAMER - CASE 1 INSTR KIT (595602)
702867,ECHORPP,(T) ECHO BI-METRIC STEM STD/LAT RPP
1433506,EFS,ALPS ELBOW FRACTURE INSTR/IMPL KIT (231218100)
1116606,EFxBP2,Echo Fracture Bipolar Provisionals 55-61 Odd Sizes (595605)
721659,EGI,"EXACT GENERAL HIP  INSTRUMENT TRAY 1 (no heads, no rat tail rasp)"
651939,EGR,ECHO GENERAL INSTRUMENTS (ECHOGEN)
241117,ELBOW1,COONRAD/MORREY INTERCHANGEABLE ELBOW IMPLANTS & CARTRIDGES
801410,ELBOW2,COONRAD/MORREY INTERCHANGEABLE ELBOW NOZZLES & PRESSURIZERS
334716,ELBOWNEX,NEXEL  ELBOW HUMERAL KIT
640151,ENKER HIP,Enker custom Hip tray
638438,ENKER KNEE,Enker Custom Knee Tray
322178,EP21,EP FC INSERTER SET (EP21) - 2 pcs.
322181,EP24,EP FC CONE CLR SET X-EXT EP24
330137,EP32_COMBO,"EPOCH 3/4MM RMR LRG SZ INST AND REAMERS (EP132,EP32)"
635682,ERH,EXPLOR RADIAL HEAD             999745
705658,ERP PTB,EXACT RPP PARTIALLY TOOTHED BROACH
637339,ERPP w Bi,ECHO RED. PROX. PROF. (fully toothed) BROACHES with Bipolar provs.
695413,Ex FPP,Exact FPP Fully Toothed Broach
637260,EX RPP B,EXACT RPP FULLY TOOTHED  BROACH
986828,EXACT3,EXACT GNRL HIP INSTR GEN ERATION 3 (EXACT3)
1165346,EXACTSS,EXACT GNRL HIP INSTR GEN ERATION 3 (EXACT3) SouthShore
628477,ExB (FPP Pt),EXACT ALLIANCE BROACH - FPP Partially toother (ECHOBM3) 
628480,EXG,EXACT GENERAL CASE ONE (OLD STYLE)
654314,EXG2,EXACT GNRL HIP INSTR SET 2
1205692,EXODUS,EXODUS QUICK CONNECT HANDLE (EXODUS)
816811,EXPCOM,EXPLOR COMPLETE INSTR KIT
629033,EXPR,EXPLOR RADIAL HEAD INST
628478,EXR,EXACT ALLIANCE REAMERS
802348,EXRP,"ECHO RPP  BROACH (fully toothed, ECHOBR)"
704170,EZLKIT,EZ LOC IMPLANT SET
635068,EZLOC,EZ LOC WASHERLOC INSTRUMENT SET
240736,F11,NEXGEN LCCK FEM PROV/CUT GUIDE KIT W/CASE/LID(F11)
241235,F11KIT,RIGHT LCCK FEMORAL COMPONENTS
322185,F11U,NEXGEN LCCK FEMORAL PROV CUT KIT W/CASE/LID (F11U)
241236,F12KIT,LEFT LCCK FEMORAL COMPONENTS
328712,F14,NEXGEN CRA/LCCK REVISION INSTR KT W/CASE/LID (F14)
322186,F16FFG,NEX MIS MIN FEM FIN GD FLX GLD (NO CSE/LD)(F16FFG)
328713,F9,NEXGEN CRA/LCCK FEM CORE INSTR KT W/CASE/LID (F9)
629034,FANELLI,FANELLI PCL INSTRUMENTS
628481,FC1,FREEDOM CONST LINER INST
732999,FC3,"FREEDOM CONSTRAINED LINERS (999706, 999702, 999701)"
322189,FH22,22MM PROVISIONAL FH22
322190,FH26,VERSYS 26MM PROV HEAD SETFH26
322191,FH28,VERSYS 28MM PROV HEAD SET
322192,FH32,VERSYS 32MM PROV HEAD SETGH32
243672,FH36,36mm Femoral Head Provisionals
243673,FH40,40mm Femoral Head Provisonals
326825,FHIOI,IOI Femoral Head Trials
656682,FHT 12/14,ZB FREEDOM HEAD TRIALS 12/14
810595,FHT 12/14 M,FREEDOM PRV HD T12/14
1502486,Fracchia_HIP,DR FRACCHIA HIP CUSTOM TRAY
702986,FREE1,(T) FREEDOM CONSTRAINED LINERS
715329,FREEAPL,FREEDOM ALL-POL CEMENTED LINERS 999702
976026,FREEH32,(S) ZB 12/14 COCR FREEDOM HEADS 32MM
976027,FREEH36,(S) ZB 12/14 COCR FREEDOM HEADS 36MM
322194,FTM0,FITMORE GENERAL INSTRUMENT SET (FTM0)
349954,FUZTN2,"FUZION TENSOR, LEFT, ALUM BETA (FUZTN2) [8LB]"
349955,FUZTN3,"FUZION TENSOR, RIGHT, ALUM BETA (FUZTN3)"
1472913,G7 12/14 HP,Biomet G7 12/14 Head Trials Sz 28-36 [4LB]
1344388,G7 FCN +5,G7 FREEDOM  CONST NEUTRAL  +5MM INS
1501687,G7_CUSTOM,G7DM CUSTOM
821572,G7+5LP,G7 +5 GRADUATED SET LINER PROVISIONALS
825977,G7+5NG,(S) G7 Vivacit-E +5 Core 32MM C & 36MM D/G
637200,G728LP,G7 LINER PROVISIONAL SIZE C-H WITH 28MM
1456881,G740 T1 HP,G7 40mm TYPE 1 TAPER HEAD PROVISIONALS
1071728,G740EV,(T) G7 10DEG 40MM F/G LNR VE
698986,G740H,(T) G7 HIGHWALL 40MM F/G LNR LONGEVITY
1071727,G740HV,(S) G7 HIGHWALL 40MM F/G LNR VE (CAGE)
831056,G740HWP,G7 HIWALL AND +5 40MM LINERS PROV F-I
986166,G740HWPZ,G7 40mm High Wall Provisionals with 12/14 Heads [4LB]
649462,G740MM,G7 40 mm NEUTRAL LINERS AND T1 HEAD PROVS. [4LB]
1324218,G740mm12/14,G7 40mm NEUTRAL  LINERS WITH 12/14 HEAD TRIALS [4LB]
985190,G740MMH,G7 40 mm HIGHWALL LINERS AND T1 HEAD PROVS. [4LB]
700799,G740N,(T) G7 NEUTRAL 40MM F/G LNR LONGEVITY
1071726,G740NV,(T) G7 NEUTRAL 40MM F/G LNR VE (CAGE)
752020,G744HP,Biomet G7 Head Provisionals Sz 44
628483,G7AB,G7 A/B LINER [3LB]
660017,G7DM,G7 DUAL MOBILITY INSTRUMENTS [14LB]
823657,G7DM60T,G7 DM CAPTURED SZ J 60MM Trials 99533
1434579,G7DMKIT,(T) G7 DUAL MOBILITY CORE VE BEARINGS/LINERS C/G (CAGE x1LNRS x2BRGS
1477089,G7DMMAC,G7 DUAL MOBILITY MACRO (H/I)
1433042,G7DMMIC,G7 DUAL MOBILITY MICRO (CAGE)
1502423,G7DMX,G7 DUAL MOBILITY INSTRUMENTS [14LB]
872560,G7E1F10,G7 E1 FREEDOM 10 DEG INS
730239,G7EGV,(S) G7 Vivacit-E 10° Core 32MM C & 36MM D/G
733822,G7FC10D,(S) G7 10 DEGREE FREEDOM CONSTRAINED VE LINER 999520
698753,G7FKIT,(S) G7 FREEDOM CONTRAINED
637304,G7FL,G7 FREEDOM NEUT LINERS AND HEADS
749722,G7FL2,G7 MINI TRAY FREEDOM B-J 32/36 - 2 nd Gen w mush T1 heads
1500661,G7FL2 12/14,G7 MINI TRAY FREEDOM B-J 32/36 - 2 nd Gen. w 12/14 heads
700869,G7FLM,(S) G7 FREEDOM LINER MICRO
820616,G7FREE,G7 MINI PROV TRAY FREEDOMB-J 32/36 (G7FREET)
804638,G7G10LP,G7 10 DEGREE GRADUATED LINER PROVISIONA
730240,G7HG,"(S) G7 HIWALL C32MM, D-G 36MM LINERS GRADUATED"
730241,G7HGV,(S) G7 HIWALL VE C32MM  D-G 36MM LINERS (CAGE)
636717,G7HP,Biomet G7 T1 Head Trials Sz 28-36 [4LB]
628484,G7I,G7 EFFICIENT  INSERTION / SCREW TRAY [14LB]
727574,G7IMP,G7 IMPACTION INSTRUMENT KIT
1455882,G7L10deg,G7 10 deg PROVISIONL LINERS (C-H 28-36 mm)
824242,G7LJ,G7 MINI TRAY J INSTR KIT [5LB]
963286,G7LNRXT,G7 HARD BEARING EXTRACTOR TOOL KIT
637198,G7LP,G7 LINER & SHELL PROVISIONALS (SIZE C-H)
723313,G7LP w E,"G7 LINER PROVS. with elevated (C-H, std., HW, Elev.)"
689707,G7LP+5 Ext,G7 NEUTRAL +5MM EXTENDED SET LINER PROV (999513)
1309581,G7LP10,G7 LINER PROV ELEVATED 10 DEGREE
636938,G7MA,"G7 Liner & Shell Provisionals  (Size "" I "")"
730242,G7NG,"(S) G7 ACETABULAR NEUTRAL C32MM, D-G 36MM LINERS GRADUATED"
730244,G7NGV,"(S) G7 ACETABULAR NEUTRAL C32MM, D-G 36MM LINERS GRADUATED VE (CAGE)"
700846,G7OL,(S) G7 OSSEOTI LIMITED 48-60 C-G
701410,G7OLM,(S) G7 OSSEOTI 3 HOLE SHELL 44MM 46MM
1433041,G7OLMH,G7 OSSEOTI LIMITED HOLE MACRO SHELLS SZ H
1487947,G7OLMI,G7 OSSEOTI LIMITED HOLE MACRO SHELLS SZ I
700865,G7OM,(S) G7 OSSEOTI MULTIHOLE 48MM-60MM (CAGE)
728557,G7OMA,(S) G7 OSSEOTI MULTIHOLE MACRO IMP 74MM-80MM SIZE J
1433040,G7OMMH,G7 MULTIHOLE MACRO SHELLS SIZE H 62-64 (CAGE)
1487948,G7OMMI,G7 MULTIHOLE MACRO SHELLS SIZE I 66-72 (CAGE)
700825,G7SCR,(S) (LQ) G7 6.5 ACETABULAR SCREWS KIT
727576,G7SCREW,G7 SCREW INSTRUMENT KIT
700801,G7SH,(S) G7 ACETABULAR PPS SHELLS 48-60 3-HOLE
1487931,G7SHMH,G7 PPS MACRO SHELLS SIZE H
1433039,G7SHMI,G7 PPS MACRO SHELLS SIZE I
635907,G7SM,HIP G7 SMALL PPS SHELLS 44-46 
628488,GEN4,GENERATION 4 INST
717796,GEN4BPC,GEN 4 BIO-PLG CANAL INSRTER AND SIZERS
1502103,GENIE1,GENIE TAP AND GUIDE 3.75MM & 5.5MM INSTRUMENTS
790424,GERMANO,GERMANO HIP ARTHROSCOPY INSTRUMENTS
1071306,GreenbaumHip,Greenbaum Custom Hip Tray
1329279,GREENHIP,Greenbaum Hip Glen Cove
322198,GSFLPS,LPS-FLEX GSF FEMORAL PROVISIONAL KIT (GSFLPS)
322199,GSPFJA,GS PFJ HANDPIECE KIT(GSPFJA)
930124,HAIG_CUSTOM,Custom Haig Ret Tray
241285,HAML,(T) HA ML TAPER PLASMA SPRAYED STD/EXT
365728,HAMLMAC,(S) HA ML TAPER MACRO STEM
1040229,Hayden Hip,Hayden Custom Hip Tray
977977,Hayden Resect.,DR. HAYDEN TOTAL KNEE RESECTION INST
322200,HD2226,"FEM HD PROV, 22 & 26 MM (HD2226)"
322201,HD2832,MIS FEM HD PROV KIT 28 & 32MM (HD2832)
704537,HDLS,HEADLESS COMPRESSION SCREW TRAY (HCS) (DIRECT PURCHASE ONLY)
322206,HGPII,HGP II INSTRUMENT SET
241294,HGS,(S) HGP2 SCREWS 15-40MM X 6.5 (CAGE x2)
1434637,HIP_REV_CAGE,(C) HIP ACETABULAR REVISION CAGE
322207,HMIS01,MIS POSTERIOR RETRACTORS (HMIS01) [13LB]
322208,HMIS02,MIS A/L VERSYS INSTRUMENTHMIS02
322210,HMIS1R,MIS GENERAL INSTRUMENT SET HMIS1R
823289,HMIS21COMBO,MIS FORK CLAW CHARNLEY SET HMIS21 HMIS22
322211,HMIS23,MIS A/L M/L TPR INSTRUMENT HMIS23
322212,HMIS2R,MIS SIDE CUTTING REAMER SET HMIS2R
322213,HMIS3R,MIS LOW PROFILE ACET RMR SET HMIS3R [9LB]
322214,HMIS4R,MIS MINI INSTRUMENT SET HMIS4R
322215,HMIS54,MIS MINI INSTRUMENT SET HMIS54
322216,HMIS55,MIS HIP 2-INCISION SET HMIS55
322217,HMIS57,ZIMMER OFFSET ACET REAMER HANDLE (Chrome handle) [11LB]
1408885,HMIS58,"	 OFFSET REAMER HANDLE UPGRADE (HMIS58)"
322218,HMIS5R,MIS 2-INCISION SET HMIS5R
328652,HMIS7,MIS 12/14 SLOTTED FEMORALHEAD PROV SET 36MM HMIS7
322220,HMIS82,MIS ANTERIOR SUPINE INSTRUMENT KIT (HMIS82)
810417,HMISD,DANOFF CUSTOM HIP TRAY
1344907,HMMR01,HAMMR HANDPIECE AND ATTACHMNTS (HMMR01)
1357995,HMMR01ZA,"HAMMR HANDPIECE AND ATTACHMENTS, ZIMMER ANTERIOR AND STRAIGHT INSERTER (HMMR01)"
1363660,HMMR01ZAC,"HAMMR HANDPIECE AND ATTACHMENTS, ZIMMER ANTERIOR, CURVED INSERTER (HMMR01)"
1357996,HMMR01ZP,"HAMMR HANDPIECE AND ATTACHMENTS, ZIMMER POSTERIOR AND CURVED INSERTER (HMMR01)"
1513855,HMMRCHG,HAMMR BATTERY CHARGER & CORD (HMMRCHG)
1344908,HMMRPKIT,HAMMR POWER KIT
698750,HMOLD,HIP MOLD SPACER
1435371,HOEHMANN CUSTOM,HOEHMANN CUSTOM HIP
1041869,HSS 34L,HSS SIZE 3 AND 4 FEMUR LEFT CUSTOM
1041870,HSS 34R,HSS SIZE 3 AND 4 FEMUR RIGHT CUSTOM
1513257,HSS AREF,HSS ANTERIOR REFERENCE CUSTOM
1324670,HSS AUDIT REPLENISHMENT BIN,HSS AUDIT REPLENISHMENT BIN A@M@P
1244141,HSS LTL BINS,HSS LTL Bins A@M@P
1303821,HSS OVERSTOCK/DISCREPANCY,HSS OVERSTOCK/DISCREPANCY A@M@P
1245081,HSS PAR INCREASE BIN,A@M@P
1041715,HSS PREF,HSS POSTERIOR REFERENCE CUSTOM
1304303,HSS PS CONV. POLY CAGE,PS Poly A@M@P
1041766,HSS SZ12L,HSS SIZE 12 FEMUR LEFT CUSTOM
1041716,HSS SZ12R,HSS SIZE 12 FEMUR RIGHT CUSTOM
1041713,HSSCPS UTIL L,HSSCPS UTIL LEFT
1041746,HSSCPS UTIL R,HSSCPS UTIL RIGHT
930411,HUSH HIP,Dr. Hushmendy Anterior Hip Instruments
658619,HV7_GUN,HIVAC 7 DELIVERY GUN
322222,IB1,IB II FINISHING/INSERTION INSTR CASE 1
322223,IB10,IB II 54 / 74MM CCK INSTRUMENTS SET PROV.
328720,IB2,IB II - FINISHING / INSERTION - CASE 2
322225,IB3,IB II FEMORAL/TIBIAL TRAY PROVISIONALS
322226,IB4,IB II PSCK TIBIAL ARTICULAR SURFACE PROV.
322228,IB5,IB II - RESECTION INSTRUMENTS
322229,IB6,IB II - STEM TRAY
322230,IB7,IB II - WEDGE TRAY
322231,IB9,IB ALL POLY INSTRUMENTS
699358,IBT,(S) I BEAM TIBIAL TRAYS KNEE
1470141,ID125,IDENTITY 125 DEGREE TRAY (ID125)
1362461,IDENTITY DEMO,Identity Shoulder System Demo
1361879,IDHBMIC combo,IDENTITY MICRO/ HUMERAL RASP TRAY [14LB] (no IDHB inst)
1263483,IDHBMIC_,IDENTITY MICRO HUMERAL RASP TRAY [14LB]
1262902,IDHBSTD_COMBO,IDENTITY STANDARD HUMERAL RASP TRAY [18LB]
1262483,IDHEAD,(T) IDENTITY COCR HUMERAL HEADS
1361880,IDHRMIC combo,IDENTITY MICRO REAMER TRAY (IDHRMIC) [14LB] (no IDHR INST)
1263484,IDHRMic_,IDENTITY MICRO REAMER TRAY (IDHRMIC) [14LB]
1262722,IDHRSTD_COMBO,IDENTITY STD REAMER TRAY (IDHRSTD) [15LB]
1262784,IDHS,IDENTITY HUMERAL STEM TRAY (IDHS) [10LB]
1262821,IDHT,IDENTITY HUMERAL HEAD TRIAL TRAY (IDHT)[13LB]
1262482,IDMIC,IDENTITY HUMERAL STEM MIC
1267721,IDREV,IDENTITY HUMERAL REVISION TRAY (IDREV) [14LB]
1489576,IDREV-VA,IDENTITY HUMERAL REVISION TRAY (IDREV)
1262581,IDRH,IDENTITY HUMERAL REVERSE TRAY (IDRH) [12LB]
1455825,IDRH2,IDENTITY REV VERSION 2 (IDRH2)
1479650,IDRH2,IDENTITY HUMERAL REVERSE VERSION 2
1498583,IDRHXEXT,IDENTITY REV HUM TRAY XEXT
1498601,IDRUB,IDENTITY REV UNIFORM BEARINGS
1262481,IDSTD,(T) IDENTITY HUMERAL STEM STD
1262484,IDTIHEAD,IDENTITY TI HUMERAL HEADS
1497711,IDTIHEAD_THICK,IDENTITY TI HUMERAL HEADS THICK 36-57
1262485,IDTRAY1,(T) IDENTITY HUMERAL TRAYS NEUTRAL
1262462,IDTRAY2,IDENTITY HUMERAL TRAY ANATOMICAL
1319390,IM BONE,IM BONE SAW INSTRUMENTS (593225_L)
1325879,IMBS,(T) IM BONE SAW BLADES AND CAM SZ 12-17 (12)
1501821,IMP Overflow,Overflow for Excess Implants
1343741,INCORE DEMO,InCore Lapidus System Demo
1348297,INSIGHT-P,HIP INSIGHT POSTERIOR DOCKING TOOL
704586,INTERSCR,METAL AND COMPOSITE INTERFERENCE SCREWS
681563,ISK: 32-423528,OXFORD PARTIAL KNEE FEMORAL INST - SMALL (OXSM3)
681561,ISK: 32-423529,OXFORD PARTIAL KNEE FEMORAL INST - MEDIUM (OXMD3)
681558,ISK: 32-423530,OXFORD PARTIAL KNEE FEMORAL INST - LARGE  (32-423530)
727178,ISK: 32-423538,OXFORD PARTIAL KNEE FEMORAL INST - EXTRA LARGE (OXXL3)
331158,IXH1,EXPLANT CUP REMOVAL SMALLSET 92-264-30001 IXH1
328657,IXH1COMBO,EXPLANT CUP REMOVAL SMALLSET 92-264-30001 IXH1
331159,IXH2,EXPLANT CUP REMOVAL MEDIUM SET 92-260-30001 IXH2
322244,IXH20,TMARS PROVISIONALS KIT (IXH2O)
322245,IXH21,TMARS JUMBO PROVISIONAL KIT IXH21
322246,IXH22,TM ACET AUGMENTS & RESTRICTORS IXH22 [10LB]
322247,IXH23,TM ACET BUTTRESS AUGMENT PROVISIONALS (IXH23)
322248,IXH24,REV CONT LINER INST SET (IXH24)
342728,IXH25_24_COMBO,CEMENTED TLC PROV AND INST WITH JUMBO (IXH24 and IXH25)
322243,IXH2COMBO,EXPLANT CUP REMOVAL MEDIUM SET 92-260-30001 IXH2 [10LB]
331160,IXH3,EXPLANT CUP REMOVAL LARGESET 92-262-30001 IXH3
322250,IXH3COMBO,EXPLANT CUP REMOVAL LARGESET 92-262-30001 IXH3
322252,IXH6U,TM MONOBLOCK COMPLETE INS(IXH6U) [22LB]
322253,IXH7,TM ACETAB REV SHELL INSTRUMENT SET IXH7
945257,IXH7_COMBO,TM ACETAB REV SHELL INSTRUMENT SET IXH7/IXH7J
629038,JKL,JUGGERKNOTLESS
704648,JKLKIT,JUGGERKNOTLESS IMPLANT SET
634841,JKLS,JGRKNT 1.4MM SHORT REUSE GUIDE
916834,JUGSTICH,JUGGERSTITCH IMPLANT KIT
825460,K_31-473947,INTRAMEDDULLARY CANAL INSERTER
1325212,K5558RTHBAB,PSN REV  TIBIAL HALF BLOCKS TI -(A/B) 5-15MM -RIGHT (6 Pcs) ZBCHI
658483,KAKARE_CUSTOM,CUSTOM RETRACTORS
629039,KANG  KNEE,KANG CUSTOM KNEE TRAY
1198346,KANG ASI,Kang custom ASI
681575,KANGHIP,Kang Custom Hip Tray
279933,KCNG,Knee Creations Navigation Guide Instruments
698748,KMOLD,KNEE MOLD IMPLANTS
637299,KNEMO,KNEE MOLD INSTRUMENT SET
241332,L37A,(S) TLC CONSTRAINED LINERS (CAGE)
243664,L37AM,(S) (LQ) TRILOGY LONGEVITY CONSTRAINED LINERS MACRO
241333,L37C,(S) TLC CEMENTED CONSTRAINED LINER (CAGE)
243663,L37CM,(S) (LQ) TM REVISION CEMENTED CONSTRAINED LINERS MACRO
241334,L4,"(T) X-LINK 32MM 0,10,20 DEG 48-70MM (CAGE)"
241340,L5,"(S) X-LINK 36MM 0,10 DEG 50-70MM (CAGE)"
241354,L6,(S) X-LINK 40MM 0 DEG 58-70MM (CAGE)
243521,LCAGE,TMARS LEFT CAGES & PROVISIONALS
241566,LCCK,(T) LCCK ARTICULAR SURFACES
941927,LDF,ALPS LOCKING DISTAL FIBULA INSTR/IMPL KIT (829953003)
322254,LDHMIC,METASUL LDH MICRO KIT (LDHMIC)
1433408,LDT,ALPS LOCKING DISTAL TIB/FIB INSTR/IMPL KIT (829953000)
1262725,Leung_Custom,Leung Custom Hip
1433547,LFP,ALPS LOCKING FOOT PLATE INSTR/IMPL KIT (829960000)
941925,LFPE,ALPS LOCK FOOT PLATE EXTENSION INSTR KIT (LFPE) (NONE IN TERRITORY DIRECT PURCHASE ONLY)
702164,LOCK1,ACETABULAR LOCKING RINGS SZ 22-28 SET
1041688,LONG KNEE,DR. LONG KNEE RESECTION INSTRUMENTS
843363,Long_Cust_Hip,Dr. Long Custom Hip Tray (St. Francis)
1433394,LPT,ALPS LOCKING PROXIMAL TIBIA PLATE INSTR/IMPL KIT (829958100)
1433410,LSF,ALPS LOCKING SMALL FRAG INSTR/IMPL KIT (829951000)
628492,LT28,"RNGLC +  LINER TRIALS 28 mm ID Sizes 21-28,  (3/8 inch screw - HW, MROM, 10 deg.)"
628493,LT32,"RNGLC+ LINER TRIALS 32 mm ID Sizes 23-28, (3/8 inch screw - HW, MROM, 10 deg.)"
628494,LT36,"RNGLC+ LINER TRIALS 36 mm ID, Sizes 24-28 (3/8 inch screw - HW, MROM, 10 deg.)"
628495,LT40,"RGLC+ LINER TRIALS 40mm ID (3/8 inch screw, MROM, MROM+3, 10 deg, HW, HW+3)"
629041,LTN,LACTONAIL TRAY (NONE IN TERRITORY DIRECT PURCHASE ONLY)
241366,M2,AUGMENTATION PATELLA
241367,M2A,(S) PRIMARY POROUS PATELLAS
241369,M5,(S) PATELLA REAMING BLADES W/PILOT HOLE
322255,MA3,NEXGEN 4-IN-1 MACRO INSTRUMENT KIT (MA3)
322256,MA4,NEXGEN IM MACRO INSTRUMENT/PROVISIONAL KIT (MA4)
649485,MAGR,MAGNUM REMOVAL INST
1051147,Maheshwari Knee,Dr. Maheshwari Custom Knee tray
628496,MAI,MAGNUM ACETABULAR INST
703907,MARGEN,MARWIN GEN HIP INST TRAY
731022,MAXIM EM TIBIA,custom em tibia trials
635079,MAXMEN,MAXFIRE MENISCAL LOANER SET
1262042,MC_CR_LEFT_CG,(C) LEFT MC/CPS KNEE CAGE
1261741,MC_CR_RIGHT_CG,(C) RIGHT MC/CPS KNEE CAGE
322257,MC028,MODULAR CUP 0 DEG PROV LOCK LINER 28MM SET MC028
330138,MC028_COMBO,"MODULAR 28MM LINERS TRIALS/SHELLS (MC028, MC128, MC228, MCSHL) [17LB]"
322258,MC028J,MOD CUP 0 DEG PROV LOCK LINER 28MM JUMBO ST MC028J
330139,MC028J_COMBO,"MODULAR 28MM LINERS TRIALS/SHELLS JUMBO (MC028J, MC128J, MC228J, MCSHLJ)"
322259,MC032,MODULAR CUP 0 DEG PROV LOCK LINER 32MM SET MC032
330140,MC032_COMBO,"MODULAR 32MM LINERS TRIALS/SHELLS (MC032, MC132, MC232, MCSHL) [17LB]"
322260,MC032J,MOD CUP 0 DEG PROV LOCK LINER 32MM JUMBO ST MC032J
322261,MC036,MODULAR CUP 0 DEG PROV LOCK LINER 36MM SET MC036 [12LB]
322262,MC040,PROV LINER SET 40MM (MC040) [10LB]
322263,MC128,MOD CUP 10 DEG PROV LOCK LINER 28MM SET MC128
322264,MC128J,MOD CUP 10 DEG PROV LOCK LINER 28MM JMBO MC128J
322265,MC132,MOD CUP 10 DEG PROV LOCK LINER 32MM SET MC132
349094,MC132_COMBO,"MODULAR 32MM LINERS TRIALS/SHELLS (MC032, MC132 & MCSHL)"
322266,MC132J,MOD CUP 10 DEG PROV LOCK LINER 32MM JMBO ST MC132J
322267,MC136,MOD CUP 10 DEG PROV LOCK LINER 36MM SET MC136 [11LB]
322268,MC228,MOD CUP 20 DEG PROV LOCK LINER 28MM SET MC228
322269,MC228J,MOD CUP 20 DEG PROV LOCK LINE 28MM JMBO ST MC228J
322270,MC232,MOD CUP 20 DEG PROV LOCK LINER 32MM SET MC232
322271,MC232J,MOD CUP 20 DEG PROV LOCK LINE 32MM JMBO ST MC232J
322272,MC7O28,MOD CUP 7MM OFFSET PROV LOCK LINER 28MM SET MC7O28
322273,MC7O32,MOD CUP 7MM OFFSET PROV LOCK LINER 32MM SET MC7O32
1328960,MCCHIP,MCCORMACK HIP CUSTOM
683446,MCCULLOCH KNEE,Dr. Mcculloch custom knee instruments (10.5LB)
322277,MCINST,MODULAR CUP INSTRUMENT SET MCINST
331852,MCINST COMBO,MCINST _COMBO ( MCINST MCSCR7) [16LB]
322280,MCRIM,MODULAR CUP RIM IMPACTOR SET MCRIM
322281,MCSCR7,MOD CUP PROV LOCK LINER POLAR SCREW SET MCSCR7
322282,MCSHL,MODULAR CUP PROVISIONAL SHELL SET MCSHL
322283,MCSHLJ,MODULAR CUP PROVISIONAL SHELL JUMBO SET MCSHLJ
360698,MCSHLJ_&10C,JUMBO MOD SHELL & LINER PROVS (MCSHLJ & MCI32J)
660077,MGAI,MAGNUM ACETABULAR INSTRUMENTS
628497,MGI,MAGNUM GENERAL INST
1437779,MICAHD,MICROAIRE HAND DRILL TRAY
636958,MIHAR,MIH Atraumatic Acet Reamers
628500,MIHG,MIH GENERAL INST
628503,MIHR,MIH RETRACTORS
628502,MIHRE,MIH REAMERS
1478761,MINUTILLO-L,MINUTILLO CUSTOM SIZERS LEFT KNEE INSTRUMENTS (3)
1478762,MINUTILLO-R,MINUTILLO CUSTOM SIZERS RIGHT KNEE INSTRUMENTS (3)
241384,ML,(T) ML TAPERS PLASMA SPRAYED STD/EXT
322303,MLK01,KINECTIV LONG POST RASP INSTRUMENT KIT (MLK01)
322304,MLK02,KINECTIV GEN INS KIT (MLK02)
322305,MLK03,KINECTIV STR NECK AND HEAD PROV KIT (MLK03)
322306,MLK04,ANTEVERTED NECK PROV KIT (MLK04)
330142,MLK04_COMBO,"KINECTIV ANTE AND RETR ANTE PROV NECK (MLK04,MLK14)"
322307,MLK05,RETROVERTED NECK PROV KIT(MLK05)
322308,MLK06,HEAD AND KINECTIV NECK INS KIT (MLK06)
322309,MLK07,KINECTIV TEC REVISION KIT(MLK07)
322310,MLK11,ML TAPER KINECTIV TECH RASP INSTR KIT (MLK11)
330143,MLK11_COMBO,"ML TAPER KINECTIV TECH RASP INSTR KIT (MLK11,MLK31)"
322311,MLK14,KINECTIV RETR ANTE PROV NECK (MLK14)
322312,MLK31,ML TAPER KINECTIV RASP MACRO SIZE INST KIT (MLK31)
322313,MLR164,0MM LONG POST RASPS SZ 4-22.5 (MLR164)
241385,MLRNL,(T) ML TAPER REDUCED NECK LENGTH
322314,MLT160,M/L TAPER LONG POST RASP KIT (MLT160)
322315,MLT161,M/L TAPER KIT 2 (MLT161) [10LB]
322316,MLT162,ML TAPER RASP KIT (MLT162)
322317,MLT163,LONG POST RASP KIT SZ 4-17 (MLT163) [20LB]
331479,MLT164,ML TAPER 0MM RASP/GEN INSTS [24.5LB]
331876,MLT165,ML TAPER 0MM SZ 20-22.5 RASP KIT [10LB]
336241,MLT166,0MM MLTPR RD/NK4-12.5
322318,MLT168,MLTPR RD/NK 4-12.5UPGRD IMLT168
1406384,MONTE NR PS KNEE,PS/CPS Left and Right Implants (cage)
983966,MOSTHIP,DR. MOSTAFAVI CUSTOM HIP INSTRUMENTS
702870,MP2,BIOMET BI-POLAR CUPS IMPLANT SET
322322,MRIZ1,MRI FEMORAL KIT MRIZ1
562775,MRIZ1,MAN'L  REV INSTR FEMORAL SET
330144,MRIZ2_COMBO,"MRI ACETABULAR KIT W OSTEOT (MRIZ2,MRIZ5)"
322324,MRIZ3,MRI EXTRACTOR CASE MRIZ3
322325,MRIZ4,MRI NONSTERILE TREPHINE CASE MRIZ4
329476,MRIZ5KIT,(S) OSTEOTOME BLADES SZ 20-28
269354,MRIZH,Manual Revision **Handle Only**
635077,MSCR,MENISCUS SCREW INSTRUMENT SET
629045,MSR11,MODULAR FLEXIBLE REAMERS
330145,MT22_COMBO,"MORSE TAPER FEM HEAD PROV KIT (MT22,MT26,MT28,MT32)"
1126013,NANO,(T) COMPR NANO HMRL PPS 30MM-40MM
1073686,NAZIRICPSL,PSN CPS LEFT PCPS18 CUSTOM
1073786,NAZIRICPSR,PSN CPS RT PCPS19 CUSTOM
1073987,NAZIRICRL,PERSONA CR/UC/MC SIZE 3-12 PROVISIONAL KIT- LEFT
1073908,NAZIRICRR,PERSONA CR/UC/MC SIZE 3-12 PROVISIONAL KIT- RIGHT
1073567,NAZIRIFEM,PSN FEM / GEN P-REF KIT 3-12 (PFG204)
1073630,NAZIRIPAT,PSN PATELLA KIT W/O OST GDE (PPA305 P2U P5 ) CUSTOM
1073866,NAZIRIPSL,PERSONA PS-CPS SIZE 3-12 PROVISIONAL KIT - LEFT CUSTOM
1074148,NAZIRIPSR,PERSONA PS-CPS SIZE 3-12 PROVISIONAL KIT - RIGHT  CUSTOM
1073570,NAZIRIRES,PSN ADJ DRS/TRS KIT 3/7 DEG ( PFT113/PTG151/sp1om
1074226,NAZIRITIB,PSN TM TIBIA KIT Custom
326828,NB1,Natural Balance Instrument set
321940,NCB34COMBO,"NCB FEMUR PLATE/SCREW INST & IMPL. SET (NCB3, NCB4) (DIRECT PURCHASE ONLY)"
330112,NCBCB2,NCB CABLE SET WITH BUTTONS - TRAUMA 
321943,NCBMOLCOMBO,NCB MOTIONLOC CADDY WITH IMPLANTS SET (DIRECT PURCHASE ONLY)
332872,NCBPP1A,NCB PERIPROSTHETIC FEMUR PLATE -  [12LB]
332876,NCBPP1B Com,NCB PERIPROSTHETIC FEMUR SCREW INST  (LB 19.5)
322346,NCBPP6,NCB-PP MIS FEMUR INSTRUM ENTS (NCBPP6)  - TRAUMA [18LB]
321945,NCBPPC Com,NCB SHAFT PLATE/SCREW INST & IMPL COMBO SET  (LB 15)
330487,NCBPPT,(T) NCBPP PROXIMAL FEMORAL PLATE AND TROC PLT  - TRAUMA
1362349,NEUWIRTH HIP,NEUWIRTH HIP CUSTOM
241405,NGUL,NAT GEND ART SURF ULTRA CONGRUENT LEFT
322349,NHFTB,NATURAL HIP FULLY TOOTHEDBROACHES KIT (NHFTB)
322350,NHLD,NATURAL LD AND PREMIER PRESSFIT INSTRUMENT KIT
961206,NICHOLSON HIP,CUSTOM NICHOLSON HIP STONY CONS
328793,NXL000,NEW ELBOW BONE PREP INSTR
328794,NXL001,NEW ELBOW ASSEMBLY INSTR
328686,NXL002,NEW ELBOW REVISION INSTR
710818,NXLSRS,COMPREHENSIVE SRS / NEXEL DISTAL BODY TRIALS
1477239,O_OSS300PS,NON CORE - OSS 300 MM POROUS BOWED STEM (ZBTS)
1468785,O_OSSTIBAU,NON CORE - OSS TIBIA AUGMENTS (ZBTS)
988607,OAC,OSS CPS Auxillary Components (New Loaner OSS)
695920,OAHIP,OFFSET ANTERIOR HIP TRAY
1477761,OFIT1,OSSEOFIT INSTRUMENTS (OFIT1)
1478622,OSFITL,OSSEOFIT INLAY ONLAY LEFT IMPLANTS
1478621,OSFITR,OSSEOFIT INLAY ONLAY RIGHT IMPLANTS
1457121,OSS_CAGE,(C) New OSS CORE CAGE
628518,OSS1,OSS GENERAL
628509,OSS11,OSS CEMENTED STEM PROVISIONALS
628510,OSS12,OSS DIAPH SEG / PROX FEM INST
943626,OSS120SP,(T) NON  CORE OSS 120 MM SPLINED STRAIGHT STEM
628508,OSS13,OSS ADDITIONAL INST LOANER 999443
628519,OSS14,OSS IM TOTAL FEMUR INST
987529,OSS150BS,NON  CORE OSS 150 MM SMOOTH BOWED STEM
987547,OSS150SS,NON  CORE OSS 150 MM SMOOTH STRAIGHT STEM
628525,OSS2,OSS STEM PREP
943714,OSS225BS,(S) NON  CORE OSS CEMENTED 225 MM BOWED STEM
628523,OSS3,OSS RESURFACE PREP
1362927,OSS300PS,NON  CORE OSS 300 MM POROUS BOWED STEM
628526,OSS4,OSS THIN SHAFT REAMERS
628528,OSS5,OSS TIBIAL TOWER REAMERS
628520,OSS6,OSS POUROUS STEM PROVISIONALS
628527,OSS7,OSS TIBIAL PROV
628515,OSS8,OSS FLARE REAMERS
628513,OSS9,OSS DISTAL FEMORAL PROVISIONAL
1457144,OSSAUX,(T) CORE OSS TIBIA BEARINGS AND AUXILLARY ITEMS (CAGE)
1344328,OSSCAP,(T) OSS Short and Standard Compress Anchor Plug (New Loaner OSS)
1344327,OSSCARS,(T) OSS SHORT AND STD COMPRESS ANTI ROTATION SPINDLE 30/38/44/ELLIP (New Loaner OSS)
1457131,OSSCEMST,CORE OSS CEMENTED STEMS 90 and 150 MM (CAGE)
1362926,OSSCST,NON  CORE OSS CEMENTED COLLARED STEM
1344329,OSSCTPCS,(T) OSS Transverse Pin & Compress Centering Sleeves 13-28
1457133,OSSDSEG,CORE OSS DIAPHYSEAL SEGMENTS 3 TO 11CM (CAGE)
1457241,OSSEDSEG,CORE OSS ELLIPTICAL DIAPHYSEAL SEGMENTS 
1360989,OSSEXP,OSS EXPANDABLE INSTRUMENTS
945187,OSSFOA,OSS OsseoTi Resurfacing Femoral Sleeve Augment Small and Large (New Loaner OSS)
943712,OSSLDSEG,NON CORE OSS LONG DIAPHYEAL SEGMENT
1457129,OSSLTIB,CORE OSS STD LONG NON MODULAR TIBIA (CAGE)
943706,OSSLTSEG,NON CORE OSS TAPERED LONG DIAPHYEAL SEGMENT
677700,OSSMA,OSS MODULAR ARTHRODESIS INSTRUMENT CUSTOM
1457142,OSSMDTIB,CORE OSS STD MODULAR TIBIA (CAGE)
945640,OSSMODPT,(S) NON CORE OSS 9CM MODULAR PROXIMAL TIBIA
943930,OSSMRSTIB,NON CORE OSS MICRO RS LONG NON MODULAR TIBIA
739097,OSSN10B,STD TIBIAL PROVISIONALS TRAY 10 (110030546) [18LB]
739101,OSSN11B,RS TIBIAL PROVISIONALS TRAY 11 (110030547) [17LB]
739117,OSSN12B,GENERAL INSTRUMENT TRAY 12 ( (110030548) [14LB]
739120,OSSN13B,GENERAL INSTRUMENTS TRAYS (110030549_L) [15LB]
739137,OSSN14B,GENERAL INSTRUMENT TRAY 14 (110030550) [13LB]
739138,OSSN15B,PROXIMAL/TOTAL FEMORAL TRAY 15 (110030551) [12LB]
1207186,OSSN16B,OSS/ARCOS IM TOTAL FEMUR TRAY
735139,OSSN1B,OSS FEMORAL BONE PREP CASE 1 (110030537) [17LB]
738957,OSSN2B,OSS TIBIAL BONE PREP CASE 2 (110030538 ) [17LB]
738997,OSSN3B,OSS REAMERS CASE 3 (110030539) [13LB]
738998,OSSN4B,STD FEMORAL PROVISIONAL TRAY 4 (110030540) [13LB]
637183,OSSN5B,SEGMENTAL PROVISIONAL TRAY 5 (110030541) [14LB]
739018,OSSN6B,RS FEMORAL PROVISIONAL TRAY 6 (110030542) [12LB]
739039,OSSN7B,SHORT PROVISIONAL STEMS TRAY 7 (110030543) [17LB]
739057,OSSN8B,LONG PROVISIONAL STEMS TRAY 8 (110030544) [17LB]
739058,OSSN9B,STD TIBIAL PROVISIONALS TRAY 9 (110030545) [13LB]
1362819,OSSNMPT,NON CORE OSS NON-MODULAR PROXIMAL TIBA
1457132,OSSPORST,CORE OSS POROUS STEMS 90 AND 150 MM (CAGE)
1362919,OSSPTSLV,NON CORE OSS PROXIMAL TIBIA SLEEVE
1457125,OSSRSFRT,CORE OSS RS RIGHT RESURF FEM 3CM_5CM (CAGE)
943906,OSSRSTS,NON CORE OSS RS NON MODULAR TIBIA SHORT
943983,OSSRSTSF,(S) NON CORE OSS RS TIBIAL SURFACES
944766,OSSSM90S,(T) NON  CORE OSS 90 MM SMOOTH STRAIGHT STEM
1457143,OSSTAUG,CORE OSS TIBIAL AGUMENTS (CAGE)
1457134,OSSTDSEG,CORE OSS TAPERED DIAPHYSEAL SEGMENTS 3 TO 11 CM  (CAGE)
1362923,OSSTIBAU,NON CORE OSS TIBIA AUGMENTS
944771,OSSTOTF,(S) NON CORE OSS TOTAL FEMUR COUPLER
1043450,OSSTSAUG,(S) NON CORE OSS TIBIAL SLEEVE AUGMENTS
656817,OX3FL,OXFORD PHASE 3 LARGE FEMORAL INSTS (OXLG3)
656868,OX3FM,OXFORD PHASE 3 MEDIUM FEMORAL INSTS (OXMD3)
656997,OX3FS,OXFORD PHASE 3 SMALL FEMORAL INSTS (OXSM3)
738826,OX3FXL,OXFORD PHASE 3 X-LARGE FEMORAL INSTS (OXXL3)
730617,OX3FXS,OXFORD PHASE 3 X-SMALL FEMORAL INSTS (OXXS3)
656861,OX3T2,OXFORD PHASE 3 TIBIAL INSTS CASE 2 (OXTIB23)
1497499,OXFB2,"OXFORD FIX BRG LAT PRT KNEE GEN2 INSTR KIT (OXLAT, 32-423394)"
1472461,OXFCL,LEFT OXFORD CEMENTLESS TIBIAS AND FEMURS
1472462,OXFCR,RIGHT OXFORD CEMENTLESS TIBIAS AND FEMURS
1041778,OXFEM,Oxford Uni Femurs Sizes SM-LG
706124,OXFLXL,(S) EXTRA LARGE OXFORD LEFT IMPLANT SET K_OXLXLGU_L
701431,OXFLXS,EXTRA SMALL OXFORD LEFT IMPLANT SET
1510183,OXFORD DEMO,Oxford Cementless Partial Knee Demo
702879,OXFRXL,EXTRA LARGE OXFORD RIGHT IMPLANT SET
703820,OXFRXS,(S) EXTRA SMALL OXFORD RIGHT IMPLANT SET  OXRXSMU
1497453,OXLG3,"OXFORD MP LARGE GEN3 METAL INSTR KIT (OX3FL, 32-423537)"
628535,OXLH,OXFORD LEG HOLDER
1041718,OXLU,(S) Oxford Left Uni Bearings Sizes 3-9 x SM-LG
1497454,OXMD3,"OXFORD MP MEDIUM GEN3 METAL INSTR KIT (OX3FM, 32-423536)"
1041779,OXRU,Oxford Right Uni Bearings Sizes 3-9 x SM-LG
1497470,OXSM3,"OXFORD MP SMALL GEN3 METAL INSTR KIT (OX3FS, 32-423535)"
1472121,OXTIB14,OXFORD CEMENTLESS KT (OX3T1 CEMENTLESS UPGRD)
1497461,OXTIB23,"OXFORD MP TIBIAL TRAY 2 GEN3 METAL KIT (OX3T2, 32-423540)"
1041723,OXTLM,Oxford Left Uni Tibias Sizes AA-F
1041781,OXTRM,Oxford Right Uni Tibias Sizes AA-F
1497462,OXXL3,"OXFORD MP X-LARGE GEN3 METAL INSTR KIT (OX3FXL, 32-423538)"
1497553,OXXS2,"OXFORD MP X-SMALL GEN2 PLASTIC INSTR KIT (OX2FXS, 32-422785)"
1497463,OXXS3,"OXFORD MP X-SMALL GEN3 METAL INSTR KIT (OX3FXS, 32-423534)"
241421,P2,NEXGEN PATELLA REAMING INST KIT W/CASE/LID (P2)
1363740,P2A,PSN OSSEOTI 3 PEG PAT 29MM-41MM
322351,P2U,"PATELLA REAMER SHAFT & DRILL KIT,NO CASE/LID,(P2U) [17LB]"
240866,P3,CONTINUUM AUG PATELLA INST/PRV KIT (NO CSE/LD)(P3)
330146,P3_COMBO,"AUGMENT PATELLA PROV/INST KIT W/CSE/LD (P3,P4)"
241422,P3KIT,NEXGEN PRECOAT STEMMED TIBIA KIT
328724,P4,NEXGEN AUGMENT PATELLA PROV/INST KIT W/CSE/LD (P4) [8LB]
634859,PACL,PERCISION ACL INSTRUMENT TRAY
650338,PACLF,PRECISION ACL FLEXIBLE
638937,PACLR,PRECISION ACL RIGID
924655,PAS101,PSN REV CORE ART SURFACE LEFT TRAY (PAS101) [17LB]
924654,PAS102,PSN REV CORE ART SURFACE RIGHT TRAY (PAS102) [20LB]
1130526,PATEL HIP,PATEL  CUSTOM HIP
638939,PCLREC,PCL RECONSTRUCTION
924795,PCN100,PSN REV CONE/SLEEVE PREP TRAY (PCN100)
929993,PCN100,PSN REV CONE/SLEEVE PREP TRAY (PCN100)
1075526,PCN101,PSN REV CENTRAL CONE PREPTRAY (PCN101) [22LB]
1193568,PCN201,PSN REV LARGE DEFECT TRAY-W/META CONES [12LB]
322352,PCPS07,PSN CPS SZ 6-12 PROV KIT - LT (PCPS07)
322353,PCPS08,PSN CPS SZ 6-12 PROV KIT - RT (PCPS08)
322354,PCPS09,PSN CPS SZ C-H TASP SHIMS(PCPS09)
322355,PCPS14,PSN CPS 3-5 FEM PROV KIT - LT (PCPS14)
322356,PCPS15,PSN CPS 3-5 FEM PROV KIT - RT (PCPS15)
328725,PCPS16,PSN CPS SZ J TIB PROV KIT- LT (PCPS16)
328727,PCPS18,PSN CPS 3-12 LEFT
328728,PCPS19,PSN CPS 3-12 RT
347272,PCPS20,PERSONA CPS NO STP 6-12 LT
347271,PCPS21,PERSONA CPS NO STP 6-12 RT
1163970,PCPSJT,PSN CPS SZ J TIB PROV KIT -RT/LT
952265,PCR415,PERSONA CR/UC/MC SIZE 4-12 PROVISIONAL KIT- LEFT
952866,PCR415,PSN CR/MC SIZE 4-12 PROVISIONAL KIT- LEFT ZBCHI
963667,PCR415,PSN CR/MC SIZE 4-12 PROV KIT-LEFT
962806,PCR415,PERSONA CR/MC SIZE 4-12 PROVISIONAL KIT- LEFT
1343253,PCR415L,PERSONA CR/UC/MC SIZE 4-12 PROVISIONAL KIT- LEFT
952266,PCR416,PERSONA CR/UC/MC SIZE 4-12 PROVISIONAL KIT- RIGHT
1343254,PCR416R,PERSONA CR/UC/MC SIZE 4-12 PROVISIONAL KIT- RIGHT
1328700,PCR601,PSN MICRO MC/CR/UC PROV KIT - LEFT 1-2 A-B (PCR601) [9.5LB]
1328667,PCR602,PSN MICRO MC/CR/UC PROV KIT - RIGHT 1-2 A-B (PCR602) [9.5LB]
322367,PCR611,PSN CR SZ 3 PROV KIT - LT -  A Ref. (PCR611)
322368,PCR612,PSN CR SZ 3 PROV KIT - RT - A Ref.(PCR612)
322369,PCR621,PSN CR SZ 3 PROV P-REF KIT - LEFT
322370,PCR622,PSN CR SZ 3 PROV P-REF KIT - RIGHT
322373,PCRJT1,PSN CR SZ J TIB PROV KIT - LT (PCRJT1)
322374,PCRJT2,PSN CR SZ J TIB PROV KIT - RT (PCRJT2)
1361085,PCRNL34567,PERSONA CR FEMORAL NARROW TRIALS (3-7) LEFT
1433221,PCRNR34567,PERSONA CR FEMORAL NARROW TRIALS (3-7) RIGHT
931710,PCV100,PSN REV UNIVERSAL PRIMARYCONVERSION (PCV100) [17LB]
322375,PEL1,PELVIC RECON CLAMP & TINES W/CASE (PEL1) (DIRECT PURCHASE ONLY)
321947,PER2COMBO,"PERI 2.7,3.5,4.0 INST AND IMPLANT SET W/CASE PER2 (DIRECT PURCHASE ONLY)"
328806,PERL10,DIST LAT FIB LOCK PLT INSTR SET (PERL10)  (DIRECT PURCHASE ONLY)
321948,PERL10COMBO,PERI LOCKING DIST LAT FIBULAR  PLATE/SCREW & INST SET  (DIRECT PURCHASE ONLY)
321953,PERL5COMBO,PERI LOCKING 3.5/2.7MM INST & IMPL SET (DIRECT PURCHASE ONLY))
331511,PERLE2COMBO,PERI LOCKING ELBOW PLATE/SCREW (PERLE2) (DIRECT PURCHASE ONLY)
322387,PERLE3,ELBOW LOCK PLATE PROV SET(PERLE3) (NONE IN TERRITORY DIRECT PURCHASE ONLY)
1497571,PF1MM,PERSONA PS NRW FEMORAL CEMENTED (4-5) LEFT
1497570,PF1MMS,PERSONA PS STD FEMORAL CEMENTED (4-5) LEFT
973648,PF1MTI,PSN TINI FEM PS CMT STD/NRW TINI CCR SZ 4-5 L
1145410,PF1N,(T) PERSONA PS FEMORAL NARROW CEMENTED CORE SET (6-11) LEFT
1145420,PF1NP,(T) PERSONA PS FEMORAL NARROW POROUS CORE SET (6-11) LEFT
1322559,PF1PPS,(T) PERSONA PPS PS FEMORAL SET (4-11) LEFT
243758,PF1S,(T) PERSONA PS FEMORAL STANDARD CEMENTED CORE SET (6-11) LEFT
349911,PF1SP,(T) PERSONA PS FEMORAL STANDARD POROUS CORE SET (6-11) LEFT
973666,PF1TI,PSN TINI FEM PS CMT STD/NRW TINI CCR SZ 6-11 L
1497573,PF2MM,PERSONA PS RIGHT MICRO FEMORAL CEMENTED 4-5 NRW
1497572,PF2MMS,PERSONA PS STD FEMORAL CEMENTED (4-5) RIGHT
973649,PF2MTI,PSN TINI FEM PS CMT STD/NRW TINI CCR SZ 4-5 R
1145411,PF2N,(T) PERSONA PS FEMORAL NARROW CEMENTED CORE SET (6-11) RIGHT
1145419,PF2NP,(T) PERSONA PS FEMORAL NARROW POROUS CORE SET (6-11) RIGHT
1322560,PF2PPS,(T) PERSONA PPS PS FEMORAL SET (4-11) RIGHT
243764,PF2S,(T) PERSONA PS FEMORAL STANDARD CEMENTED CORE SET (6-11) RIGHT
349912,PF2SP,(T) PERSONA PS FEMORAL STANDARD POROUS CORE SET (6-11) RIGHT
973667,PF2TI,PSN TINI FEM PS CMT STD/NRW TINI CCR SZ 6-11 R
1497890,PF3MM,PERSONA CR LEFT MICRO FEMORAL CEMENTED 4-5 NRW
1497891,PF3MMS, PERSONA CR LEFT MICRO FEMORAL CEMENTED 4-5 STD
973651,PF3MTI,(LS) PSN TINI FEM CR CMT STD/NRW TINI CCR SZ 4-5 L
1145486,PF3N,(T) PERSONA CR FEMORAL NARROW CEMENTED CORE SET (6-11) LEFT
1145750,PF3NP,(T) PERSONA CR FEMORAL NARROW TM POROUS CORE SET (6-11) LEFT
1268918,PF3PPS,(T) PERSONA PPS CR FEMORAL SET (4-11) LEFT
1479208,PF3PPSTI,(T) PERSONA PPS TIV CR FEMORAL SET (4-11) LEFT
243922,PF3S,(T) PERSONA CR FEMORAL STANDARD CEMENTED CORE SET (6-11) LEFT
333831,PF3SP,(T) PERSONA CR FEMORAL STANDARD TM POROUS CORE SET (6-11) LEFT
973650,PF3TI,PSN TINI FEM CR CMT STD/NRW TINI CCR SZ 6-11 L
1497879,PF4MM,PERSONA CR RIGHT MICRO FEMORAL CEMENTED 4-5 NRW
1497889,PF4MMS,PERSONA CR RIGHT MICRO FEMORAL CEMENTED 4-5 STD
973652,PF4MTI,(LS) PSN TINI FEM CR CMT STD/NRW TINI CCR SZ 4-5 R
1145739,PF4N,(T) PERSONA CR FEMORAL NARROW CEMENTED CORE SET (6-11) RIGHT
1145777,PF4NP,(T) PERSONA CR FEMORAL NARROW TM POROUS CORE SET (6-11) RIGHT
1268924,PF4PPS,(T) PERSONA PPS CR FEMORAL SET (4-11) RIGHT
1479221,PF4PPSTI,(T) PERSONA PPS TIV CR FEMORAL SET (4-11) RIGHT
243923,PF4S,(T) PERSONA CR FEMORAL STANDARD CEMENTED CORE SET (6-11) RIGHT
333836,PF4SP,(T) PERSONA CR FEMORAL STANDARD TM POROUS CORE SET (6-11) RIGHT
973668,PF4TI,PSN TINI FEM CR CMT STD/NRW TINI CCR SZ 6-11 R
924576,PFA500,PSN REV FEM AUG CORE UNIVERSAL (PFA500) [22LB]
929991,PFA500,PSN REV FEM AUG CORE UNIVERSAL (PFA500)
322388,PFG200,PERSONA FEM/GEN KIT (PFG 200)
952267,PFG202,PERSONA FEMORAL/GENERAL ANTERIOR REF. KIT - SIZE 4-12 [20LB]
322390,PFG203,PSN FEM/ GEN P-REF KIT (PFG203)
372892,PFG203XMa,PSN P-REF CUT GUIDES ( 6-12 and sizer only)
372891,PFG203XMi,PSN P-REF GUIDES (3-11 and sizer only)
952226,PFG204,PSN FEM / GEN P-REF KIT 4-12  (PFG204) [21LB]
1300283,PFG207,PSN FEM/GEN P-REF KT SZ 4-12 (PFG207) [24.5LB]
1117956,PFJL,"GENDER PFJ IMPLANT SET, LEFT"
1117957,PFJR,"GENDER PFJ IMPLANT SET, RIGHT"
1318661,PFL203,PSN REV FEM PREP/TRL LT-MACRO
924286,PFP303,PSN REV CORE FEM PREP LEFT TRAY (PFP303) [12LB]
924285,PFP304,PSN REV CORE FEM PREP RIGHT TRAY (PFP304) [13LB]
1318561,PFS003,PSN REV FEM PREP/TRL LT-MICRO [10LB]
1318562,PFS004,PSN REV FEM PREP/TRL RT-MICRO
322392,PFT100,PERSONA FEMORAL/TIBIAL RESECTION KIT (3 & 7 deg. Nexgen style)
322393,PFT101,PSN FEM/TIB RESECTION KIT(PFT101)
322394,PFT102,PSN FEM/TIB RESECTION KIT(PFT102)
322395,PFT108,PSN ADJ DRS/TRS KIT 3 Deg. (PFT108)
322396,PFT109,PSN ADJ DRS/TRS KIT 7 DEG(PFT109)
322397,PFT110,PSN FEM/TIB OPT2 (PFT110)
322398,PFT111,PSN 5 DEG DRS/ 3 DEG TRS (PFT111) [13LB]
964590,PFT113,PSN ADJ DRS/TRS KIT 3/7 DEG (PFT113)
1304221,PFT114,PSN DRS/TRS 3/5/7 DEG KIT [18LB]
691539,PFUSECD,PERFUSE CORE DECOMPRESSION INST TRAY 959300
1145268,PHANTON TRAUMA,Empty tray mistake loaded at time of audit
1329863,PIQ CUSHNERS DISPENSED,PIQ HBS Location A@M@P
1329807,PIQ CUSHNERS OFFICE,PIQ HBS Location A@M@P
1334522,PIQ HAAS DISPENSED,PIQ HBS Location A@M@P
1334521,PIQ HAAS OFFICE,PIQ HBS Location A@M@P
1329864,PIQ LONG DISPENSED,PIQ HBS Location A@M@P
1329811,PIQ LONG OFFICE,PIQ HBS Location A@M@P
1331780,PIQ NICHOLAS DISPENSED,PIQ HBS Location A@M@P
1331779,PIQ NICHOLAS OFFICE,PIQ HBS Location A@M@P
1329865,PIQ PSCULCO DISPENSED,PIQ HBS Location A@M@P
1329808,PIQ PSCULCO OFFICE,PIQ HBS Location A@M@P
1085286,PIQ100,PERSONA IQ INSTRUMENT KIT(PIQ100) [5LB]
1085306,PIQ200,PERSONA IQ OR SYSTEM (PIQ200)
845068,PLATE REMOVAL,"TRAUMA  REMOVAL (PEANUT, DVR, XLOCK)"
1319177,PLCPSAB,PSN ASF CPS 10-18MM VE L 3-5 AB 10-20MM
1145774,PLCPSV_THICK1,(S) PERSONA CPS ARTICULAR SURFACE VIVACIT-E MID-MICRO THICK 18-20mm (3-5) LEFT
1145786,PLCPSV_THICK2,(S) PERSONA CPS ARTICULAR SURFACE VIVACIT-E THICK 18-20mm (6-9) LEFT
254134,PLCPSVCORE,(T) PERSONA CPS ARTICULAR SURFACE VIVACIT-E CORE SET 10-16mm (6-12) LEFT
1125386,PLCPSVJ,(S) LEFT PERSONA CPS ARTICULAR SURFACE VIVACIT-E SIZE J
1145773,PLCPSVMIC,(S) PERSONA CPS ARTICULAR SURFACE VIVACIT-E MID-MICRO SET 10-16mm (3-5) LEFT
1321870,PLCPSVMICRO,(S) PSN ASF CPS 10-18MM VE L 1-2 AB/CD 10-20MM
1145326,PLS1CORE,(T) PERSONA PS ARTICULAR SURFACE CONVENTIONAL CORE SET 10-14mm (6-12) LEFT
1145328,PLS1MIDMIC,(S) PERSONA PS ARTICULAR SURFACE CONVENTIONAL MID-MICRO SET 10-14mm (3-5) LEFT
1006097,PLS1VAB,(T) PSN ASF PS 10-18MM VE L 1-2 3-5 AB/CD 10-20MM
244471,PLS1VCORE,(T) PERSONA PS ARTICULAR SURFACE VIVACIT-E HXPE CORE SET 10-16mm (6-12) LEFT
345531,PLS1VJ,(S) PSN LEFT J ART SURFACES PS VE 10 MM-16 MM
840501,PLS1VMAC,(S) PERSONA PS ARTICULAR SURFACE VIVACIT-E HXPE THICK SET 18-20mm (6-12) LEFT
1145405,PLS1VMIDMAC,(S) PERSONA PS ARTICULAR SURFACE VIVACIT-E HXPE MID-MICRO THICK SET 18-20mm (3-5) LEFT
1145407,PLS1VMIDMIC,(S) PERSONA PS ARTICULAR SURFACE VIVACIT-E HXPE MID-MICRO SET 10-16mm (3-5) LEFT
552478,PLS3VCR,(S) PERSONA LEFT CR VIT-E SURFACES (10-14)
699158,PLS3VUC,(S) PERSONA UC ARTICULAR SURFACE VIVACIT-E HXPE MID-MICRO/CORE/MID-MACRO SET 10-14mm (3-12) LEFT
1165068,PLSMC_AB,(T) PSN MC VE ASF L 1-2 3-4/AB
1078207,PLSMC_CORE,(T) PERSONA MC ARTICULAR SURFACE CORE/MID-MACRO SET 10-16mm (6-12) LEFT
1078206,PLSMC_MIC,(S) PERSONA MC ARTICULAR SURFACE MID-MICRO SET 10-16mm (4-5) LEFT
1030881,PLSMC_THICK1,(S) PERSONA MC ARTICULAR SURFACE MID-MIRCO THICK SET 18-20mm (4-5) LEFT
1030887,PLSMC_THICK2,(S) PERSONA MC ARTICULAR SURFACE CORE/MID-MACRO THICK SET 18-20mm (6-12) LEFT
1472403,Plt Rem Dr,PLATE REMOVAL DRIVERS
270913,PLTMT,(S) PERSONA 2 PEGGED POROUS TIBIA CORE SET (C-H) LEFT
243765,PM1,(S) PERSONA ALL-POLY CEMENTED CONVENTIONAL PATELLA SET (29-41)
252372,PM1V,"(T) PERSONA ALL-POLY CEMENTED VIVACIT-E PATELLA SET (29-41) (VE) W/  X2 2.5MM FEMALE HEX, X2 TROCAR PINS AND X1 14X30 STUBBY"
904999,PMG001,PSN MICRO GENERAL INSTRUMENTS (PMG001)
1323094,PMG002,PSN P-REF MICRO KIT
987626,PMT001,PSN MICRO A/B TIBIA INSTRUMENTS [16LB]
322399,PPA300,PERSONA PATELLA KIT ( NO 2 deg. Varus / valgus guides)
322400,PPA301,PSN PATELLA KIT (with 2 deg. Varus / valgus guides) [18LB]
760780,PPA305,PAT KIT ( w/o OST Gde.)
807542,PPKG01,PERSONA PARTIAL KNEE GEN KIT (PPKG01)
1069269,PPKLF,"(S) PERSONA PARTIAL KNEE FEMORAL IMPLANTS, LEFT"
1069270,PPKLS,"(T) PERSONA PARTIAL KNEE SURFACES, LEFT"
1069271,PPKLS2,"(S) PERSONA PARTIAL KNEE THICK SURFACES, LEFT"
1069275,PPKLT,"(S) PERSONA PARTIAL KNEE TIBIAL IMPLANTS, LEFT"
807547,PPKM01,PERSONA PARTIAL KNEE MEDIAL KIT (PPKM01) [23LB]
1069250,PPKRF,"(S) PERSONA PARTIAL KNEE FEMORAL IMPLANTS, RIGHT"
1069272,PPKRS,"(T) PERSONA PARTIAL KNEE SURFACES, RIGHT"
1069274,PPKRS2,"(S) PERSONA PARTIAL KNEE THICK SURFACES, RIGHT"
1069276,PPKRT,"(S) PERSONA PARTIAL KNEE TIBIAL IMPLANTS, RIGHT"
1363726,PPO350,PSN OSSEOTI POR 3-PEG PATELLA (PPO350)
1435640,PPO350,PSN OSSEOTI POR 3-PEG PATELLA (PPO350)*
788767,PPS21X,LEFT PERSONA PS PROVISIONAL CUSTOM
788768,PPS22X,RIGHT PERSONA PS PROVISIONAL CUSTOM
952201,PPS517,PERSONA PS-CPS SIZE 4-12 PROVISIONAL KIT - LEFT [20LB]
952202,PPS518,PERSONA PS-CPS SIZE 4-12 PROVISIONAL KIT - RIGHT [22LB]
322421,PPS605,PSN PS/CPS SZ3 P-REF - LT [7LB]
322422,PPS606,PSN PS/CPS SZ3 P-REF - RT
961446,PPS61$_COMBO,"PSN MICRO PS WITH GENERAL - L&R 1-2 A-B (PPS611,PPS612, PMG001)"
961171,PPS611,PSN MICRO PS PROV KIT - LEFT 1-2 A-B (PPS611)
961086,PPS611_COMBO,"PSN MICRO PS WITH GENERAL - LEFT 1-2 A-B (PPS611,PMG001) [9LB]"
961172,PPS612,PSN MICRO PS PROV KIT - RIGHT 1-2 A-B (PPS612)
959552,PPS612_COMBO,"PSN MICRO PS WITH GENERAL - RIGHT 1-2 A-B (PPS612,PMG001) [9LB]"
961677,PPS62$_COMBO,"PSN MICRO PS WITH GENERAL - L&R 1-2 A-B (PPS611,PPS612, PMG001)"
328770,PPS623,PSN PS/CPS SZ3 A-REF - LT [6LB]
1047658,PPS623X,PSN PS/CPSCR LEFT SZ3 A-REF (PPS623 PCR621)
328771,PPS624,PSN PS/CPS SZ3 A-REF - RT
1047660,PPS624X,"PSN PS/CPS/CR RIGHT SZ 3 A REF (PPS624, PCR501)"
779320,PPS62X,PSN Size 3 PS/CPS A-REF
967826,PPS699,PSN PS/CPS SIZE 3 FEMURS AND CUT BLOCKS
322431,PPSJT1,PSN PS SZ J TIB PROV KIT - LT (PPSJT1)
322432,PPSJT2,PSN PS SZ J TIB PROV KIT - RT (PPSJT2)
1319178,PRCPSAB,PSN ASF CPS 10-18MM VE R 3-5 AB 10-20MM
1145756,PRCPSV_THICK1,(S) PERSONA CPS ARTICULAR SURFACE VIVACIT-E MID-MICRO THICK 18-20mm (3-5) RIGHT
1145757,PRCPSV_THICK2,(S) PERSONA CPS ARTICULAR SURFACE VIVACIT-E THICK 18-20mm (6-9) RIGHT
254133,PRCPSVCORE,(T) PERSONA CPS ARTICULAR SURFACE VIVACIT-E CORE SET 10-16mm (6-12) RIGHT
1125391,PRCPSVJ,(S) RIGHT PERSONA CPS ARTICULAR SURFACE VIVACIT-E SIZE J
1145735,PRCPSVMIC,(S) PERSONA CPS ARTICULAR SURFACE VIVACIT-E MID-MICRO SET 10-16mm (3-5) RIGHT
1323075,PRCPSVMICAB,(S) PSN ASF CPS 10-18MM VE R 1-2 AB/CD 10-20MM
1343720,PRESBYHIP,PRESBY HIP CUSTOM
924652,PRF401,PSN REV CORE FEM TRIALS LEFT (PRF401) [22LB]
924664,PRF402,PSN REV CORE FEM TRIALS RIGHT (PRF402) [21LB]
924615,PRG100,PSN REV GENERAL INSTR TRAY (PRG100) [20LB]
924647,PRG200,PSN REV IMPLANTATION TRAY(PRG200) [19LB]
924521,PRK1F,(T) PERSONA REVISION FEMORAL CEMENTED 3-11 LEFT (STD/+)
924523,PRK2F,(T) PERSONA REVISION FEMORAL CEMENTED 3-11 RIGHT (STD/+)
1323115,PRK2F1,(S) PSN REV FEMURS - MICRO - RIGHT 1/+1
1081469,PRK3MMS175,(T) PERSONA REVISION 3MM OFFSET SPLINED STEM EXT 175mm 10-18mm
1081470,PRK6MMS175,(T) PERSONA REVISION 6MM OFFSET SPLINED STEM EXT 175mm 10-18mm
930306,PRKCTCN,(S) PSN REV TM TIB CENTRAL TIBIAL CONES
1321861,PRKFA1,PSN REV FEMORAL AUGMENTS TI SZ1
930290,PRKFCN,(S) PSN REV TM FEMORAL CONES
1029973,PRKFDA,PERSONA REVISION FEMORAL DISTAL AUG (SZ 3-11) (5MM-10MM)
1029972,PRKFDA15,PERSONA REVISION FEMORAL DISTAL AUG (SZ 5-11+) (15MM)
1324079,PRKFDAMAC,PSN REV FEMORAL DISTAL AUG TI SZ13 (MACRO)(5MM-10MM)
1030010,PRKFPA,PERSONA REVISION FEMORAL POSTERIOR AUG (SZ 3-11) (5MM-10MM)
1030011,PRKFPA15,PERSONA REVISION FEMORAL POSTERIOR AUG (SZ 5-11+) (15MM)
1345370,PRKMFCNL,"PERSONA REVISION FEMORAL METAPHYSEAL CONES, LEFT"
1344758,PRKMFCNR,"PERSONA REVISION FEMORAL METAPHYSEAL CONES, RIGHT"
930307,PRKPTCNL,(S) PSN REV TIBIAL PERIPHERAL CONES LEFT
930308,PRKPTCNR,(S) PSN REV TIBIAL PERIPHERAL CONES RIGHT
924588,PRKS1,(T) PSN REV ART SURFACES - CD GH (3-13) 10-20MM -LEFT
930324,PRKS175,(T) PERSONA REVISION STRAIGHT SPLINE STEM EXT 175 10mm-18mm
1321865,PRKS1AB,PSN REV ART SURFACES - AB (3-5+) 10-26MM -LEFT
1321868,PRKS1AB1,PSN REV ART SURFACES - AB CD (1-1+) 10-26MM -LEFT
924745,PRKS2,(T) PSN REV ART SURFACES - CD GH (3-13) 10-20MM -RIGHT
1322994,PRKS2AB,(T) PSN REV ART SURFACES - AB (3-5+) 10-26MM -RIGHT
1323118,PRKS2AB1,(T) PSN REV ART SURFACES - AB CD (1-1+) 10-26MM -RIGHT
931175,PRKS3M,(T) PERSONA REVISION CCK THICK ARTICULAR SURFACE VE LEFT (3-13) (CD-GH/22-26MM)
931174,PRKS4M,(T) PERSONA REVISION CCK THICK ARTICULAR SURFACE VE RIGHT (3-13) (CD-GH/22-26MM)
924726,PRKSO,(T) PSN REV STEMS - SPLINED 6MM OFFSET(135MM) 10-18MM
1051927,PRKSOM,PSN REV STEMS - SPLINED 6MM OFFSET(135MM) 20-24MM
924748,PRKSS,PSN REV STEMS - SMOOTH STRAIGHT 135MM 10-18MM
930325,PRKSS175,PSN REV STEMS - SMOOTH STRAIGHT 175MM 10-18MM
1005710,PRKSS175M,PSN REV STEMS - 175MM SMOOTH STRAIGHT - MACRO
1052127,PRKSSM,PSN REV STEMS - SMOOTH STRAIGHT 135MM 20-24MM
924728,PRKST,(T) PERSONA REVISION STRAIGHT SPLINE STEM EXT 135 10mm-18mm
1083746,PRKST3,(T) PERSONA REVISION 3MM OFFSET STEM EXT 135mm 10-18mm
924729,PRKSTM,PSN REV STEMS - 135MM STRAIGHT SPLINE STEM EXT 20-24MM
1051926,PRKSTM3,PSN REV STEMS - 135MM SPLINED OFFSET - 3MM -MACRO
1125427,PRKT1,(S) PERSONA REVISION TIBIAL FIXED KEEL CEMENTED LEFT (C-H)
1125446,PRKT2,PERSONA REVISION TIBIAL FIXED KEEL CEMENTED RIGHT (C-H)
1082371,PRKTIB1,(S) PERSONA REVISION LEFT TIBIAL HALF BLOCKS (CD-GH/5mm-10mm)
1082372,PRKTIB1A,(S) PERSONA REVISION LEFT TIBIAL HALF BLOCKS (CD-GH/15mm)
1507345,PRKTIB1AB,(S) PSN REV TIBIAL AUGMENTS- TI -(A/B) 5-15MM -LEFT
1241262,PRKTIB1ATM,PERSONA REVISION LEFT TM TIBIAL HALF BLOCKS (CD-GH/15mm)
1323017,PRKTIB1J,(S) PSN REV TIBIAL AUGMENTS- TM -(J) 5-15MM -LEFT
1241261,PRKTIB1TM,PERSONA REVISION LEFT TM TIBIAL HALF BLOCKS (CD-GH/5mm-10mm)
1082355,PRKTIB2,PERSONA REVISION RIGHT TIBIAL HALF BLOCKS (CD-GH/5mm-10mm)
1082356,PRKTIB2A,PERSONA REVISION RIGHT TIBIAL HALF BLOCKS (CD-GH/15mm)
1322995,PRKTIB2AB,(S) PSN REV TIBIAL AUGMENTS- TI -(A/B) 5-15MM -RIGHT
1241263,PRKTIB2ATM,PERSONA REVISION RIGHT TM TIBIAL HALF BLOCKS (CD-GH/15mm)
1241281,PRKTIB2TM,PERSONA REVISION RIGHT TM TIBIAL HALF BLOCKS (CD-GH/5mm-10mm)
924648,PRR401,PSN REV REAMER TRAY (PRR401) [22LB]
1145209,PRS1CORE,(T) PERSONA PS ARTICULAR SURFACE CONVENTIONAL CORE SET 10-14mm (6-12) RIGHT
1145212,PRS1MIDMIC,(T) PERSONA PS ARTICULAR SURFACE CONVENTIONAL MID-MICRO SET 10-14mm (3-5) RIGHT (57-5214-110-01)
1006140,PRS1VAB,(T) PSN ASF PS 10-18MM VE R 1-2 3-5 AB/CD 10-20MM
244470,PRS1VCORE,(T) PERSONA PS ARTICULAR SURFACE VIVACIT-E HXPE CORE SET 10-16mm (6-12) RIGHT
345532,PRS1VJ,(S) PSN RIGHT J ART SURFACES PS VE 10 MM-16 MM
840500,PRS1VMAC,(S) PERSONA PS ARTICULAR SURFACE VIVACIT-E HXPE THICK SET 18-20mm (6-12) RIGHT
1145404,PRS1VMIDMAC,(S) PERSONA PS ARTICULAR SURFACE VIVACIT-E HXPE MID-MICRO THICK SET 18-20mm (3-5) RIGHT
1145401,PRS1VMIDMIC,(S) PERSONA PS ARTICULAR SURFACE VIVACIT-E HXPE MID-MICRO SET 10-16mm (3-5) RIGHT
552477,PRS4VCR,(S) PERSONA RIGHT CR VIT-E SURFACES (10-14)
699157,PRS4VUC,(S) PERSONA UC ARTICULAR SURFACE VIVACIT-E HXPE MID-MICRO/CORE/MID-MACRO SET 10-14mm (3-12) RIGHT
1165086,PRSMC_AB,(T) PSN MC VE ASF R 1-2 3-4/AB
1077753,PRSMC_CORE,(T) PERSONA MC ARTICULAR SURFACE CORE/MID-MACRO SET 10-16mm (6-12) RIGHT
1077740,PRSMC_MIC,(S) PERSONA MC ARTICULAR SURFACE MID-MICRO SET 10-16mm (4-5) RIGHT
1030882,PRSMC_THICK1,(S) PERSONA MC ARTICULAR SURFACE MID-MIRCO THICK SET 18-20mm (4-5) RIGHT
1030883,PRSMC_THICK2,(S) PERSONA MC ARTICULAR SURFACE CORE MID-MACRO THICK SET 18-20mm (6-12) RIGHT
1343419,PRSMCJ,(S) PSN MC ARTICULAR SURFACE MACRO SET (J)(10-14) RIGHT
1488141,PRSMCJ1,(S) PSN MC ARTICULAR SURFACE THICK MACRO SET (J)(16-20) RIGHT
270914,PRTMT,(S) PERSONA 2 PEGGED POROUS TIBIA CORE SET (C-H) RIGHT
1264321,PS_LEFT_PSN_CG,(C) PS LEFT PERSONA CAGE
1264505,PS_RIGHT_PSN_CG,(C) PS RIGHT PERSONA CAGE
924570,PSB300,PSN REV SPACER BLOCK TRAY(PSB300) [9LB]
1268323,PSK500,PSN 0 DEGREE TIBIA (PSK500) [22LB]
1345133,PSK500-L,LEFT PSN 0 DEGREE TIBIA (PSK500)
1345134,PSK500-R,RIGHT PSN 0 DEGREE TIBIA (PSK500)
1269081,PSK550,PSN SPIKE ARM OPTIONAL (PSK550) [18LB]
1309289,PSKJT,PSN 0 DEGREE TIBIA SZ J (PSKJT)
1342262,PSN A-REF,PERSONA A-REF CUT GUIDES
1342315,PSN Backup tray,PSN Backup tray for Manual Technique
1343742,PSN DEMO,Persona The Personalized Knee System Demo
1021200,PSN FSB,PSN Femoral Shift Block (42-5099-085-10) [5.5LB]
1343740,PSN REV DEMO,Persona Revision Knee System
952243,PSN Sz 3,PSN P-REF/A-REF PS/CPS/CR SZ3 -RT/LT [9LB]
1342309,PSN Tray 1,Persona Rosa Tray 1
1342312,PSN Tray 2,Persona Rosa Tray 2
1342317,PSN Tray 4,Rosa Robotic Components
952249,PSNJT ,PSN PS/CR/MC SZ J TIB PROV KIT-RT/LT
1406648,PSNO DEMO,Persona OsseoTi The Personalized Knee System Demo
924571,PST100,PSN REV 135 mm STR & 3 mm OFFSET STEM PROV SZ 10-18 (PST100) [21LB]
925728,PST110,"PSN REV MACRO 135 STR & 3 mm OFF STM PROV (20, 22 &24)  (PST110)"
930009,PST110,PSN REV MACRO 135 STR/3MMOFF STM PR TRAY (PST110)
925663,PST110,PERSONA REV KNEE (PRK) 135 STR/3MM OFF STEM MACRO PROV 20-24
924645,PST200,PSN REV 175 STR & 3 mm  OFFSET STEM PROV 10-18 (PST200) [22LB]
925684,PST200,PERSONA REV KNEE (PRK) 175 STR/3MM OFF STEM PROV 10-18
924667,PST300,PSN REV 135 & 175  x 6 mm OFF STEM PROV 10-18 (PST300) [22LB]
928268,PST310,"PSN REV MACRO 135 & 175  x 6 mm OFFSET STEM PROV - 20, 22 & 24 (PST310) [13LB]"
1308261,PTFT xtr,POP TOP FEM/TIB REM EXTRACTOR
322433,PTG150,PERSONA TIB/GEN KIT (PTG 150)
322434,PTG151,PSN TIB/GEN KIT (PTG151) [21LB]
1320422,PTJ201,PSN REV TIB PREP/TRL LT-MACRO (PTJ201)
1330121,PTJ202,PSN REV TIB PREP/TRL RT-MACRO
1268916,PTKL1,(S) PERSONA CEMENTED KEEL TIBIA 0 DEGREE (C-H) LEFT
1274341,PTKL1O,(S) PERSONA OSSEOTI KEEL TIBIA 0 DEGREE (C-H) LEFT
1268923,PTKR1,(S) PERSONA CEMENTED KEEL TIBIA 0 DEGREE (C-H) RIGHT
1274333,PTKR1O,(S) PERSONA OSSEOTI KEEL TIBIA 0 DEGREE (C-H) RIGHT
243768,PTL1,(S) PERSONA STEMMED 5 DEGREE CEMENTED TIBIA CORE SET (C-H) LEFT
924656,PTP100,PSN REV TIB FEM PREP TRAY(PTP100) [19LB]
924621,PTP201,PSN REV TIB PREP/TRIAL LEFT TRY (MOD TIB) (PTP201) [21LB]
924629,PTP202,PSN REV TIB PREP/TRIAL RIGHT TRAY (MOD TIB) (PTP202) [23LB]
243769,PTR1,(S) PERSONA STEMMED 5 DEGREE CEMENTED TIBIA CORE SET (C-H) RIGHT
322435,PTR100,PSN TIB RESECTION SYSTEM (PTR100)
1289692,PTS001,PSN REV TIB PREP/TRL LT-MICRO [13LB]
1289525,PTS002,PSN REV TIB PREP/TRIAL RIGHT - MICRO [13LB]
837945,PTT441,PSN TM TIBIA KIT - L/R (PTT441)
870401,PTT441-L,PSN TM TIBIA KIT - LEFT SIDE OF PTT441 KIT
870402,PTT441-R,PSN TM TIBIA KIT - RIGHT SIDE OF PTT441 KIT
322437,PVV301,PERSONA VARUS/VALGUS KIT (PVV301)
322438,QSF,NEXGEN MIS QS MED FEM/RETRACT KIT W/CASE/LID (QSF) [13LB]
322440,QST,NEXGEN MIS QS TIBIAL INSTRUMENT KT W/CASE/LID(QST) [8LB]
1146706,QUEENS_CK,Queens Custom Knee instruments
241454,R1/R2,(T) NEXGEN STRAIGHT/OFFEST STEM EXTENSION KIT
957448,R1/R2M,(S) NEXGEN STRAIGHT STEM EXTENSION MACRO KIT
1435902,R-10023,SHAVER HANDPIECE ATCLV NEW
1183906,R-100KIT,SHAVER HANDPIECE 
960666,R1A,(S) NEXGEN CEMENTED STEMS
701606,R28H,28 RINGLOC HIWALL LINERS
700840,R28MR,28 RINGLOC MAX-ROM LINERS
701441,R32H,RINGLOC ACETABULAR LINER HIWALL 32MM
701473,R32MR,32 MAX-ROM LINERS
701578,R36H,RINGLOC ACETABULAR LINER HIWALL 36MM
701597,R36MR,RINGLOC 36 MM MAX-ROM
823315,R3A,NEXGEN TIBIAL AUGMENT (3-8) 5MM-10MM (LCCK)
823318,R3C,NEXGEN PRECOAT FEMORAL AUGMENTS 5/10 MM (LCCK)
241458,R5,NEXGEN SHARP FLUTED STEM EXTENSIONS
241460,R7,TIBIAL FULL BLOCK 10MM
243522,RCAGE,TMARS RIGHT CAGES & PROVISIONALS
876147,RECAP_HSS,Custom Recap HSS Inst
1501085,Reinhardt Hip ASC,REINHARDT_HIP-ASC
1361075,REINHARDT_HIP2,REINHARDT HIP CUSTOM
1161786,REISH_KNEE,REISH CUSTOM KNEE INSTRUMENTS
628548,RGL1,RINGLOC + INSERTION / EXTRACT
628549,RGL2,"RINGLOC CUP/ SHELL  TRIALS (3/8 "" screw , gold, 42-70 mm)"
628550,RGL3,PPS RINGLOC +ACETABULAR TRIAL  (NEW SHELLS/ GAUGES TRIALS)
628544,RGL4,"RINGLOC+ACETABULAR SHELL GAUGE (3/8 "" screw, Silver,  40-80 mm)"
650238,RGLGL,"RINGLOC GRADUATED LINER SET (3/8 inch screw, 21-28 Rad., mrom & +3 mm)"
628545,RGX20,REGENEREX CONE TRIALS (999207)
637340,RGXCL,REGENEREX CUP/LINER TRL INS
803837,RHART,(T) ROTATING HINGE ART SURFACES SET
657843,RHFL,(S) ROTATING HINGE LEFT FEMURS IMPLANTS
657844,RHFR,(S) ROTATING HINGE RIGHT FEMURS IMPLANTS
243857,RHKBK,(T) ROTATING HINGE TIBIAL & FEMORAL AUGMENTS 15/20 MM
241463,RHKM,(T) ROTATING HINGE MICRO IMPLANTS
803836,RHKT,(T) ROTATING HINGE TIBIAL SET
702165,RING2,RINGLOC + REPLACMENT RINGS SZ 22-28 SET
702166,RINGE,RINGLOC 10 DEGREE ELEVATED 28MM 32MM 36MM SZ 22-28
637306,RLL28,"RINGLOC LINER SET 28 mm ID, Sizes 21-28. (1/4 inch screw)"
686500,RLL32,"RINGLOC LINER SET 32 mm ID, Sizes 23-28. (1/4 inch screw)"
686501,RLL36,"RINGLOC LINER SET 36 mm ID, Sizes  24-28,  (1/4 inch screw)"
1117686,Rosa_PSN ARMS ,ROSA KNEE PERSONA  ARMS L/R CUSTOM
1117690,Rosa_VG ARMS,ROSA KNEE VANGUARD ARMS L/R CUSTOM
1147453,ROSAGEN,ROSA KNEE GENERAL INSTR KIT
1198026,ROSAHI,ROSA HIP IMPACTION INSTRUMENT KIT (ROSAHI)
1207049,ROSAPPK,ROSA PERSONA PKA KIT (ROSAPPK)
1147467,ROSAPSN2,ROSA KNEE PERSONA V1.2 KIT
1320101,ROSAPSN4,ROSA KNEE PERSONA V1.4 KIT
1362787,ROSASH01,ROSA SHOULDER GEN INST SET (ROSASH01)
1362788,ROSASH02,ROSA SHOULDER INST SET (ROSASH02)
1362789,ROSASHMC,ROSA BASE REF SET (ROSASHMC)
973409,ROSAVG,ROSA KNEE VANGUARD
322442,RRHKF1,NEXGEN RH KNEE FEM GEN INST KT W/CSE/LD(RRHKF1)
312448,RRHKF1,NEXGEN RH KNEE FEM GEN INST KT W/CSE/LD(RRHKF1)
1145153,RRHKF1 A,NEXGEN RH KNEE FEM GEN INST (RRHKF1 top layer) [18LB]
1145126,RRHKF1 B,NEXGEN RH KNEE FEM GEN INST (RRHKF1 bottom layer) [16LB]
322444,RRHKM1,NEXGEN RH KNEE SML SZ GENINST KT W/CSE/LD(RRHKM1) [14LB]
322445,RRHKT1,NEXGEN RH KNEE TIBIAL GENINST KT W/CSE/LD(RRHKT1) [19LB]
312450,RRHKT1,NEXGEN RH KNEE TIBIAL GENINST KT W/CSE/LD(RRHKT1)
322446,RRHKT2,NEXGEN RH KNEE A/S INST/PROV KT W/CSE/LD(RRHKT2) [14LB]
330152,RRHKT3 Combo,"ZIMMER TRAB METAL AND 30MM AGMT INSTR (RRHKT3, S7) [4LB]"
702983,RX901,RX90 FREEDOM LOW PROFILE KIT
653059,RX90F,FREEDOM L/P LINER TRIAL
243324,S1,NEXGEN SHARP FLUT STEM EXTENS PROV KT W/CSE/LD(S1)
241555,S13,CR FLEX PROLONG ART SURFACES
241556,S15,(T) LPS-FLEX FIXED PROLONG ART SURFACES
241557,S15M,(S) MICRO LPS-FLEX FIXED PROLONG ART SURFACES
331512,S17,NEXGEN LPS ALL POLY TIBIAL KIT
731959,S1H1,STAGE ONE SELECT HIP ACET. REAM.  INST - TRAY 1/3 - 999108
731965,S1H2,STAGE ONE SELECT HIP REAM. AND BROACH INST - TRAY 2/3 - 999108
731967,S1H3,STAGE ONE SELECT HIP BIPOLAR PROVS. AND INST - 3/3 OF KIT STG1
328773,S2,NXGN STRAIGHT/OFFSET STEMEXT PROV KT W/CSE/LD(S2)
322448,S3,NEXGEN TIBIAL AUGMENT INSTR/PROV KIT W/CSE/LID(S3)
241728,S3XMI,Size 2 LCCK Wedges & Blocks provs.
330171,S4,NEXGEN REAMER KIT W/CASE/LID (S4)
243342,S7,ZIMMER TRABECULAR METAL AGMT INSTR KT W/CSE/LD(S7)
241565,S7A,MICRO CR ANTERIOR CONSTAINED SURFACES
636018,SCACL,SWITCHCUT ACL INSTRUMENTS
701433,SDBKIT,(S) (LQ) TI LOW PROFILE SCREW 15MM - 40MM
638992,SEID CUSTOM,SEIDEMAN CUSTOM TRAY
322452,SF11U,LCCK FEM PROV / CUT GUIDE(SF11U) [17LB]
322453,SF12M,NEXGEN MINI IM FEM INST KIT(SF12M)
322454,SF14,CRA/LCCK FEM CORE INSTR KIT (SF14) [23.5LB]
322455,SF15M,NEXGEN 4 in 1 MINI KIT (SF15M)
322456,SF16FF,NEXGEN MIS FLX FEM FIN GDE GOLD KIT (SF16FF)
322457,SF16FG,NEXGEN MIS STD FEM FIN GDE SILVR KIT (SF16FG)
330153,SF16FG_COMBO,"NEXGEN MIS STD/FLEX FEM CUT GUIDES W GOLD KIT (SF16FF, SF16FG,SQSN)"
322458,SF18U,LPS FLEX FEM PROV KIT (SF18U) [15LB]
322459,SF18UP,LPS FLEX ART SURF PROV KIT(SF18UP)
322460,SF19,LPS-FLEX FIXED ART SURF PROV SET E/1-2 G/3-4(SF19)
322461,SF21,CR FLEX FEM PROVISIONALS (SF21)
330154,SF21_COMBO,"CR FLEX FEMURS/ AS TRIAL (SF21SP,SF21)"
322462,SF21SP,CR FLEX ART SURF PROV KIT(SF21SP)
322463,SF22,CR FLEX MINUS FEM PROV KIT(SF22)
322464,SF4,NEXGEN CR FEMORAL PROV KIT (SF4)
330155,SF4_COMBO,"NEXGEN CR FEMORAL AND SURF PROV KIT (SF4,SF21SP)"
322465,SF8UF,LPS FEM PROV KIT (SF8UF)
330156,SFCG1_COMBO,"FEM CONE GENERAL / DIAPHYSEAL / METAPHYSEAL (SFCG1,SDFC2, SMFC3) [14LB]"
322466,SFMI1,NEXGEN LPS-FLEX MICRO TRA(SFMI1)
241701,SFX12,IM FEMORAL ALIGN / RESCT INST
241702,SFX13,IM FEMORAL FINISHING INST
243668,SFX13C,CUSTOM IM FEMORAL FINISHING INSTRUMENTS
241709,SFX15L,NEXGEN 4 IN 1 FEM INST WITH MINI SIZER
241710,SFX16,NEXGEN 4 IN 1 FEMORAL FINISHING (OLD STYLE)
243796,SFX18M,LPS/FLEX MACRO INST/PROV
241722,SFX18R,FLEX POSTERIOR RECUT GUIDES
241720,SFXMA,LPS MACRO
241714,SFXMI,LPS FLEX MICRO INST / PROVISONALS
330562,SFXMI_COMBO,LPS AND LPS FLEX MICRO INST / PROVISONALS 
322467,SGFCR,CR FLEX GENDER FEM PROV KIT(SGFCR)
330157,SGFCR_COMBO,"CR FLEX GENDER FEM AND ART SURF PROV KIT(SGFCR,SF21SP)"
322468,SGFCRM,CR FLX MINUS GNDER FEM PRV KT (SGFCRM)
322469,SGFLPS,LPS FLEX GENDER FEM PROV KIT(SGFLPS)
322470,SGPFJ,GS PFJ INSTRUMENT KIT (SGPFJ)
705079,SHOJUG,SHOULDER JUGGERKNOTS IMPLANT SET
700850,SHORTJUG,SHORT JUGGERKNOTS SET
821903,SID1,(T) SIDUS STEM-FREE SHOULDER IMP KIT (SIDUS)
821356,SIDUS,SIDUS STEM-FREE SHOULDER INSTR KIT (SIDUS)
802184,SIG_TKA,SIGNATURE INST KIT
731020,SIMONSEN KNEE,Custom Single peg Pat
987446,Simonson SPCR,"Dr Simonson Metal Spacer Blocks & HDL ( 10,12,14,16)"
1146486,Sirounian HIP,Sirounian Custom Hip Tray
330158,SLTC3_Combo,TIB CONE GENERAL / MEDIUM / LARGE (STCG1/SMTC2/SLTC3) [23.5LB]
1050214,SM_989512,PRECISION II KNEE HAND INST
322472,SMI5,NEXGEN 4 N 1 MICRO INSTR (SM15)
322474,SMOB2,LPS-FLEX MOB BEARING INSTKIT (SMOB2)
322475,SMOB3,LPS MOB TIB PROV KIT (SMOB3)
322479,SN5,NEXGEN EPI NOTCH CHAMFER KIT(SN5)
330159,SN5M_COMBO,"MIS 2 pc Notch Chamfer & Flex Fem. Fin. Gde. (SF16FF,SN5M)"
322481,SNKFF1,GS N-K FLEX FEM KIT 1 (SNKFF1) [17LB]
322482,SNKFF2,GS N-K FLEX FEM KIT 2 (SNKFF2)
322483,SNKFF3,GS N-K FLEX LEFT FEM PROV(SNKFF3)
322484,SNKFF4,GS N-K FLEX RIGHT FEM PRO(SNKFF4)
322485,SNKFP1,GS N-K FLEX PATELLA KIT
688939,SNKFP1B,GS N-K FLEX PATELLA KIT W/BUSHINGS
322486,SNKFT1,GS N-K FLEX TIB KIT 1 (SNKFT1)
330160,SNKFT2_COMBO,"GS N-K FLEX TIB KIT 2,  w/CoCr kit (SNKFT2,SNKFT6) [19LB]"
322488,SNKFT3,GS N-K FLEX C&UC A/S PROV(SNKFT3)
751900,SP10XM,"CUSTOM MIS CURVED SPACER BLOCK KIT (10,12,14)"
322490,SP1O,NEXGEN SPACER GUIDE INST KIT(SP1O)
322491,SP1OM,MIS CURVED SPACER BLOCK KIT (SP1OM)
322492,SP5,NEXGEN POR STD PAT INST KIT(SP5) [12LB]
322493,SP6,NEXGEN PAT RESECTOR INST KIT(SP6)[11LB]
326836,SPDPAT,NKII Speed Patella
332032,SQSN_COMBO,"QS NOTCH GUIDE with MIS STD & FLEX FEM FIN GUIDE (SQSN, SF16FF, SF16FG)"
322497,SR1,PRESSURE SENTINEL FLEXIBLE IM REAMER (ZMR 1O SUB)
322498,SR4,LONG PRESSURE SENTINEL FLEXIBLE IM REAMER SET
731000,SRAIL,EBI SMALL RAIL
322499,SS1,SHARP FLUTED STEM EXT PROV (SS1)
322500,SS2,STRT/OFFST STEM EXT PROV (SS2) [16LB]
322501,SS3B,TIBIAL BLOCK AUGMENT PROV(SS3B) [13LB]
322502,SS3W,TIBIAL WEDGE AUGMENT PROV(SS3W) [13LB]
322503,SS4,REVISION REAMER KIT (SS4) [20LB]
322504,SSEG1,"SEG STEM PROV KIT, 130MM (SSEG1) [12LB]"
322505,SSEG10,SEG SYSTEM PROXIMAL TIBIAKIT (SSEG10) [15LB]
322506,SSEG11,SEG SYSTEM PROXIMAL FEMORKIT (SSEG11) [10LB]
322507,SSEG12,SEGMENTAL PROXIMAL FEMORAL W/TM INSTRUMENTS [12LB]
322508,SSEG13,SEGMENTAL TISSUE ATTACHMENT ACCESSORIES [10LB]
322509,SSEG14,SEGMENTAL 0.75MM REAMER SET
322510,SSEG2,"SEG STEM PROV KIT, 190MM (SSEG2) [14LB]"
350998,SSEG3,"SEG STEM PROV KIT, 250MM (SSEG3)"
322511,SSEG3,"SEG STEM PROV KIT, 250MM (SSEG3) [14LB]"
322512,SSEG4,"SEG SEGMENT PROV KIT, M/F(SSEG4)"
322513,SSEG5,SEG RH KNEE ACCESSORIES K(SSEG5) [21LB]
322514,SSEG6,SEG DISTAL FEM ACCESSORIE(SSEG6) [20LB]
322515,SSEG7,SEG FEM ACCESSORIES KIT (SSEG7) [18LB]
322516,SSEG8,SEG VARI- STIFFNESS STEM (SSEG8) [21LB]
322517,SSEG9,SEG INTERCALARY SEG TRAY (SSEG9) [6LB]
637477,SSKBR,SSK VNGD REV BOX RESEC INST CS [13.5LB]
677667,SSKBT,SSK BEARING TRIALS [13LB]
637177,SSKFA,Vanguard SSK Femoral Augment
637162,SSKFP,Vanguard SSK Femoral Preparation [18LB]
637178,SSKFT,VANGUARD SSK FEMORAL TRIALS [19LB]
637161,SSKSR,Vanguard SSK Stems and Reamers
637158,SSKTA,Vanguard Tibial Augment
637478,SSKTP,"SSK 	 VANGUARD REV TIB PREP INST CS [23LB]"
1145306,ST_FRAN_DA,St Francis Custom Hip Tray
330161,ST10E_COMBO,"NEXGEN EM/IM RESECTION KIT (ST10E, ST10I)"
322520,ST17,MONOBLOCK CR/LPS TIB INSTKIT(ST17)
322521,ST18,TM MODULAR TIBIA INSTRUMENT KIT W/CASE LID (ST18)
322522,ST2M,NEXGEN MIS TIB/FEM GEN INST KIT(ST2M) [22LB]
322523,ST3,NEXGEN STEM TIB INST KIT (ST3) [11LB]
322525,ST3P,NEXGEN STEM TIB PROV KIT (ST3P) [8LB]
322526,ST4,NEXGEN FLTD STEM TIB INSTKIT(ST4) (RATIONALIZED) [10.5LB]
322527,ST4P,NEXGEN FLTD STEM TIB PROVKIT(ST4P) (RATIONALIZED) [8LB]
322528,ST5,NEXGEN AP WDG TIB PLT INST KIT(ST5) [12LB]
322529,ST5P,NEXGEN AP WDG TIB PLT PROV KIT(ST5P) [8.5LB]
322530,ST8U,LCCK ART SURFACE PROV KIT(ST8U)
322531,ST9O,NEXGEN PEGGED TIB PRV/INST KIT(ST9O)
322533,STM1,TM PRIMARY INSTRUMENT SET(STM1)
322534,STM11,TM PRIMARY REAMERS 9/16 (STM11)
322535,STM17,TM PRIMARY JUMBO SZ 17/18(STM17)
322536,STM2,TM PRIM FEM ST RASP HDL W(STM2)
330162,STM2_COMBO,"TM PRIMARY INSTRUMENT  RASP HDL W FEM HD PROV (STM2,HD2832)"
322537,STM235,23.5 DEG OFFSET RASP HAND(STM235)
322538,STM910,TM PRIMARY MICRO SZ 9 & 1(STM910)
322539,STMA1,NEXGEN IM MACRO TRAY (STMA1)
322540,STMA2,NEXGEN 4 N 1 MACRO INST T(STMA2)
322542,STMIS,NEXGEN MIS TIBIAL PLT INST KIT(STMIS)
322545,STMISR,NEXGEN MIS TIB RESCTN INST KIT(STMISR) [11LB]
1344243,STRATUM DEMO,Stratum Foot Plating System Demo
241721,STX4MA,FLUTED MACRO TIBIA
241717,STX4MI,MICRO FLUTED TIBIA
704165,SWITCH,SWITCHCUT REAMER AND IMPLANT 
241715,SXMI6,LPS MICRO PROVISONALS
241570,T1,NEXGEN TIBIAL ALIGN/RESECTION INST KT W/CSE/LD(T1)
241573,T13,NEXGEN LCCK THICK ART SURF PRV KT (NO CSE/LD)(T13)
322546,T13U,NEXGEN LCCK ART SURF PROVKIT (NO CSE/LD) (T13U)
330163,T13U_COMBO,"NEXGEN LCCK ART SURFACE PROV KIT W/CASE/LID (T8U,T13U)"
243914,T2AM,TM MULTIHOLE MICRO SHELLS
702157,T2H,28MM-32MM TYPE 2 HEADS
712602,T2HP,"TYPE TWO BIOMET HEAD PROVISIONAL 22,28,32"
328826,T6,NEXGEN CR (AC) ARTICULAR SURF PROVISIONAL KIT (T6)
322548,T8,NEXGEN LCCK ARTIC SURF PROV/INSTR KT W/CSE/LD(T8)
1022605,T87-OXXLG3,OXFORD MP X-LARGE GEN3 METAL INSTR KIT
322549,T8U,NEXGEN LCCK ART SURFACE PROV KIT W/CASE/LID (T8U)
322550,T9,NEXGEN IM FEM/TIB ALIGN/FINSH INST KT W/CSE/LD(T9) [13LB]
825925,TCP1,"COMPOSITCP 4.5MM, 5.5MM, AND 6.5MM SUTURE ANCHOR PUNCH TAP"
877998,TEMPBFR,TEMP BIN FOR RETURN A@M@P
1320346,TI-KAESS,TI KAESSMANN SCREWS 5.0 25-60MM INTERLOCKING
725223,TILOCK,TI LOCK-SCR BTRS-THD 6.5 MM 999812
636442,TL1,TAPERLOC COMPLETE RASP INSTS (GEN 1 plastic lid) [20LB]
654576,TL1R,"TAPERLOC COMPLETE RASP INST GEN 2 - metal lid,  no handles."
704175,TLBICEP,TOGGLELOC BICEPS IMPLANT SET
322557,TLC0,TLC LINER INSTRUMENT SET (TLC0)
702875,TLC123,(T) TAPERLOC COMP XR 123 STD SET
702874,TLC123M,(T) TAPERLOC COMP XR 123 MICROPLASTY SET LOANER SET 999654
322561,TLC5,TLC LINER JUMBO INSTRUMENT (TLC5)
629000,TLCMM,TAPERLOC MICROPLASTY MACRO  BROACHES
628997,TLM1,TAPERLOC MICROPLASTY BROACHES [19LB]
909705,TLM11,TAPERLOC MICROPLASTY INSERTERS
637300,TLMB,TPRLC CMPL RED MACRO BROACH
804015,TLMR,TAPERLOC COMPLETE MICROPLASTY RASP
700851,TLOC,(T) TAPERLOC COMP WITH MACRO PRIMARY HIP STEMS
700852,TLOCMI,(T) TAPERLOC MICROPLASTY IMPLANT SET W/-MACRO
660057,TLRMA,"TAPERLOC COMPLETE  RED RASP - MACRO (20, 22,24)"
241593,TM2AJ,TM MULTI HOLE JUMBO 72-80
241594,TM3,(S) TRAB. METAL REV. SHELL (CAGE)
241595,TM30,(S) (LQ) 30MM TM TIBIAL BLOCKS
243662,TM3M,TRABECULAR METAL REVISION SHELL MACRO
241596,TM4,(T) TM ACETABULAR AUGMENT (CAGE)
241598,TM7,(S) TM TIBIAL FULL BLOCK AUGMENT 10MM
241599,TM8,(T) TRABECULAR METAL FEMORAL AUGMENTS 5/10 MM
243856,TM8A,(T) TRABECULAR METAL FEMORAL AUGMENTS 15/20 MM
241600,TM9,(T) TM TIBIAL AUG KIT 5/10 MM
241601,TM9A,(T) TM TIBIAL AUGMENTS 15 & 20MM
322562,TMA1,TM ANKLE INSTR KIT 1 (FOOT STAND ASSEMBLY) TMA1
322563,TMA2,TM ANKLE INSTRUMENT KIT 2(GENERAL INSTR) TMA2
613398,TMA3,TM ANKLE SIZE SPECIFIC INST - CASE 3
322564,TMA3,TM ANKLE INSTRUMENT KIT 3(SIZE SPECIFIC KIT) TMA3
332436,TMA6,TM ANKLE INSTR SUPPLEMENT (TMA6)
613695,TMA6,TM ANKLE SUPPLEMENT INST
317132,TMA6,TM ANKLE INSTRUMENT SUPPLEMENT - LOANER POOL
1346783,TMA7,MICROAIRE HAND DRILL (MODEL 1930)
1145848,TMA7,MICROAIRE HAND DRILL (MODEL 100)
1308762,TMALATC,Custom TM Ankle Lat Positioner Set
241602,TMARSL,(T) TM ACETABULAR REVISION SYSTEM LINERS (CAGE)
243667,TMARSLM,(S) TM ACETABULAR REVISION SYSTEM LINERS MACRO
1306661,TMASIL,TM ANKLE SIL
243691,TMCN,(T) TM TIBIAL LEFT & RIGHT DIAPHYSEAL CONE & METAPHYSEAL CONE
322565,TMH1,TM HUMERAL INSTRUMENT KIT1 (TMH1)
322566,TMH2,TM SHOULDER REAMER KIT (TMH2)
1324026,TMPRKFAMAC,(S) PSN REV FEMORAL AUGMENTS-TM -SZ13 (MACRO)
1242770,TMPRKFDA, PERSONA REVISION TM FEMORAL DISTAL AUG (SZ 3-11/5MM-10MM)
1242781,TMPRKFDA15,PERSONA REVISION TM FEMORAL DISTAL AUG (SZ 5-11/15MM)
1479281,TMPRKFPA,PERSONA REVISION TM FEMORAL POSTERIOR AUG (SZ 3-11/5MM-10MM)
1479262,TMPRKFPA15,PERSONA REVISION TM FEMORAL POSTERIOR AUG (SZ 5-11/15MM)
957467,TMPROXFEM,TM PROXIMAL FEMUR IMPLANT SET
957449,TMPROXTIB,(S) TM PROXIMAL TIBIA IMPLANT SET
241606,TMREV,(T) TM REVERSE SHOULDER
1469241,TMREVMINI,TM REVERSE EXTRA 36MM POLY LINERS/ +9 AND +12 SPACERS W/ RVRS MINI BASEPLATE AND COMP RVSR 36MM GLEN
907525,TMREVP,(T) TM REVERSE PLUS IMPLANT SET
287792,TMREVST,(T) TM REVERSE NON POROUS STEMS
322568,TMRNP2,NON-POROUS REVERSE EXTEND
937645,TMRP1,TMR+ CADDY 1-STEP REAM & DRILL (TMRP1)
906484,TMRP3,TMR+ Glenoid Instrument Set [17LB]
328582,TMRVG,TM REVERSE GLENOID CASE (TMRVG) [18LB]
322569,TMRVH1,TM REVERSE HUMERAL CASE 1(TMRVH1) [21LB]
322570,TMRVH2,TM REVERSE HUMERAL CASE 2(TMRVH2) [23LB]
636019,TOGACL,TOGGLELOC ACL INSTRUMENTS
634861,TOGL,TOGGLELOC DISTAL BICEPTS
704179,TOGLOC,TOGGLELOC IMPLANT SET
322571,TR1,GENERAL INST SET HOLED TR1
322574,TR12,TRILOGY PROV LINER SET 22MM TR12
322576,TR15,TRILOGY 7 DEG OFFSET LINER TRIALS 28MM
322579,TR18,TRILOGY 7 DEG OFFSET LINER TRIALS 32MM
322580,TR19,MODULAR CUP PROV LINER 36MM 0 DEGREE INST SET TR19
322581,TR2,TRILOGY PROV LINER SET 28MM TR2
322582,TR20,MODULAR CUP PROV LINER 10DEGREE INST SET TR20
322584,TR22,TRILOGY CONSTRAINED PROVISIONAL LINER SET-TR22
322585,TR3,TRILOGY PROV SHELL SET TR3
322587,TR5,TRILOGY PROV LINER SET 32MM TR5
322588,TR6,GENERAL INST SET NONHOLEDTR6
241607,TS1,(S) TRILOGY 6.5 BONES SCREWS 15-60MM (CAGE x2)
293714,UAP,HGP II Provisional
668397,UDFS,ULTRA-DRIVE FOOTSWITCH
372894,ULS1ACOMBO,3.5 ULS STANDARD & LOCKING INST & IMPL NEW SET  (DIRECT PURCHASE ONLY)
321967,ULS3COMBO,3.5MM ULS IMPLANTS & INSTRUMENTS W/MIS COMBO SET (DIRECT PURCHASE ONLY)
241609,V1,VERSYS GENERAL INSTRUMENTSET
241611,V11,TAPERED REAMER SET V11
241612,V12,(T) VERSYS CRC
1290242,V12/14HP,VERSEY 12/14 HEAD PROVISIONALS
241613,V13,EXTRACTION SET V13
322597,V14U,VERSYS LARGE RASP CASE SET V14U
241615,V15,VERSYS HERITAGE CDH INST SET V15
241616,V16,VERSYS HERITAGE REV INST SET V16
329491,V16KIT,VERSYS HERITAGE STEMS
322598,V1U,GENERAL INSTRUMENTS CASE V1U [20LB]
1497500,V22KIT,(T) ZB 12/14 COCR HD 22MM FEMORAL HEAD
241627,V26,VERSYS REVISION RASP ACCESSORY SET (V26)
241629,V28,(S) ZB 12/14 COCR 28MM FEMORAL HEADS
241631,V28B,(S) 28MM BIOLOX DELTA CERAMIC FEMORAL HEADS
322599,V2A,VERSYS IM REAMER SET (9-14MM DIA)
241634,V2AD,VERSYS POROUS PRIMARY PREPARATION SET V2AD [23LB]
322600,V2AU,POR PRIMARY PREP CASE A SET V2AU
322601,V2B,VERSYS IM REAMER SET (14.5-18MM DIA)
322602,V2BU,POR PRIMARY PREP CASE B SET V2BU
328828,V3,VERSYS SYSTEM RASP SET (SZ10-18) V3
241637,V32,(S) ZB 12/14 COCR 32MM FEMORAL HEADS
241639,V32B,(S) 32MM BIOLOX DELTA CERAMIC FEMORAL HEADS
241641,V36,(S) ZB 12/14 COCR 36MM FEMORAL HEADS
241642,V36B,(S) 36MM BIOLOX DELTA CERAMIC FEMORAL HEADS
1321860,V3AOA,Vanguard 360 Offset Adapters Sizes 2.5mm-7.5mm
322603,V3D,VERSYS SYSTEM RASP SET V3D
787852,V3M," Vanguard 360 Micro Tibia Size 59, Augments Sizes 5mm-15mm, Bearings Sizes 59mm x 10mm-24mm"
322604,V3U,SYSTEM RASP CASE SET V3U [15LB]
241644,V4,VERSYS LM RASP SET V4
241645,V40,(S) ZB 12/14 COCR 40MM FEMORAL HEADS
241646,V40B,(S) 40MM BIOLOX CERAMIC DELTA FEMORAL HEADS
242489,V5,V-LIGN FIN MILLING SET V5
242492,V7,FRACTURE SET V7
322605,V8U,VERSYS LARGE REAMER CASE SET V8U
241653,V9,VERSYS REVISION SET CEMENTED V9
1343739,VAN360 DEMO,Vanguard 360 Revision Knee System Demo
1468801,VANG_CG,(C) VANGUARD WITH 360 CAGE
1479383,VANPOLY,VANGAURD POLY AND PATELLA KIT
702979,VASBV,VANG E1 AS BEARINGS SET
318248,VBR,(T) BIOLOX OPTION REVISION HEADS (CAGE)
637293,VCRB,VNGD UNIV CR BRG INST CASE
241663,VDC,(S) VERSYS DISTAL CENTRALIZERS
871043,VENTI,VENTIX LINK KNTLS 4.75MM & 5.5 MM INST
629003,VGAR,VANGUARD ANTERIOR REFRENCING FEMORAL PREP [20LB]
629004,VGAS,VAN ANTERIOR STAB BRG TRIALS
629007,VGBR,VANGUARD PS BOX RESECTION [15LB]
629061,VGBT,VANGUARD 5 IN 1 BEARING TRIALS [13LB]
629008,VGCR,VANGUARD CR FEMORAL TRIALS
629011,VGFP,VANGUARD FEMORAL PREP [24LB]
629010,VGFPP,VANGUARD FEM PREP- PREMIER [24LB W/ Bracket Removed]
629012,VGG,VANGUARD GENERAL [22LB]
629014,VGP,VANGUARD PATELLA WITH REAMING [24LB]
629006,VGPF,VANGUARD PREMIER FEM CUT BLOCKS
629018,VGPS,VANGUARD PS FEMORAL TRIALS [21LB]
629020,VGTP,VANGUARD TIBIAL PREP [20LB]
629019,VGTPP,VANGUARD TIB PREP PREMIER [19LB]
700858,VPSL,VANGUARD PS LEFT OPEN 57.5-75
702022,VPSR,VANGUARD PS RIGHT OPEN 57.5-75
637501,VPST,VNGD PS 1 PC TIB TRL INST CASE
637263,VPSTT,VNGD PS+ 1 PC TIB TRL INST CS [13LB]
689840,VSNF1,VERSANAIL FEMORAL 2 (2 TRAY SYSTEM) (DIRECT PURCHASE ONLY)
689965,VSNF2,VERSANAIL CASE 1 (2 TRAY SYSTEM) (DIRECT PURCHASE ONLY)
731245,VSNR,VERSA NAIL FLEX REAMER
241665,VU1,VERSYS UNIPOLAR HEADS AND ADAPTERS
241666,WAG,(T) WAGNER CONE
821395,WAG190,(T) WAGNER SL REVISION STEMS 135/145 190MM
821396,WAG225,(T) WAGNER SL REVISION STEMS 135/145 225MM
821397,WAG265,(T) WAGNER SL REVISION STEMS 135/145 265MM
821398,WAG305,(T) WAGNER SL REVISION STEMS 135/145 305MM
322609,WCN369,WAGNER CONE PROS INST (WCN369) [14LB]
37172,WCN369,WAGNER CONE PROS INST (WCN369)
322610,WCN568,WAGNER CONE PROS TRIAL ST(WCN568)
322611,WGSL1,WAGNER SL GEN INSTR KIT (WGSL1) [11LB]
322612,WGSL2,WAGNER SL AWL INSTR KIT (WGSL2) [14LB]
322613,WGSL3,WAGNER SL TRL STEM INSTR (WGSL3) [12LB]
497356,WINTHROP ANT HIP,CUSTOM ANTERIOR HIP INSTRUMENT SET
634840,WLTF,Washer Loc Tibial Fixation
1080819,WOON HIP,DR WOON CUSTOM HIP
1440737,WTMA3,TRABECULAR METAL ANKLE INSTRUMENT KIT 3 (SIZE SPEC
701434,XLBS,XL BONE SCREWS 45MM - 70MM
650317,XLOCK,DVR CROSSLOCK (DIRECT PURCHASE ONLY)
721955,XLOCKV,DVR CROSSLOCK WITH VOLAR PLATE CADDY (DIRECT PURCHASE ONLY)
951455,XLOCKVF,DVR CROSSLOCK W/ VOLAR PLATES AND MAX SCREWS (DIRECT PURCHASE ONLY)
243797,XTFX1A,XTRAFIX BAR/PIN INSTRUMENTS (DIRECT PURCHASE ONLY)
243798,XTFX1B,XTRAFIX CLAMP AND INSTRUMENTS (DIRECT PURCHASE ONLY)
1473121,Z1 DEMO,Z1 HIP STEM DEMO KIT
1434578,Z1100,Z1 EFFICIENT TRAY
1473420,Z11XX,Z1 EFFICIENT TRAY CUSTOM CUSTOMER OWNED
1453961,Z1200,Z1 Macro Tray
1503083,Z1CORE,Z1 STD/HO CEMENTLESS CORE STEMS SZ 2-8
1477744,Z1CORE-HO,Z1 HO CEMENTLESS CORE STEMS 2-8
1477743,Z1CORE-STD,Z1 STD CEMENTLESS CORE STEMS 2-8
1299465,Z1G7_CAGE,(C) Z1 COLLARED AND G7 HIP IMPLANTS CAGE
1454630,Z1STEMS,Z1 STD/HO/CV COLLARD CEMETLESS STEMS 0-12
330165,ZCA1_COMBO,"ZCA CUP INSTR AND PROVISIONAL SET (ZCA1,ZCA2)"
322615,ZCA2,ZCA INSTRUMENT SET (US) ZCA2
322616,ZCA3,ZCA ACETAB RECONSTRUCTIONINSTRUMENT KIT ZCA3 [16LB]
677524,ZHMIS57,ZIMMER OFFSET ACET REAMER HANDLE - Black Handle
322617,ZMR1,ZMR TAPER  ASSY-REMOVAL INSTRUMENT SET
328814,ZMR10,FLEXIBLE REAMER SET ZMR10 (SR1 SUB)
322638,ZNN2,ZNN REDUCTION INSTRUMENTS (ZNN2) (DIRECT PURCHASE ONLY)
243823,ZNNF1A,ZNN RETRO FEMORAL INSTRUMENT TRAY 1 (DIRECT PURCHASE ONLY)
243824,ZNNF1B,ZNN RETRO FEMORAL INSTRUMENT TRAY 2 (DIRECT PURCHASE ONLY)
322641,ZPS16,FOOT & ANKLE GENERAL INSTRUMENT SET W/CASE (ZPS16)  (NONE IN TERRITORY DIRECT PURCHASE ONLY)
330828,ZPS2COMBO,PELVIC RECONSTRUCTION SET (NONE IN TERRITORY DIRECT PURCHASE ONLY)
321978,ZPS4COMBO,ZPS SMALL FRAG INST & IMPL COMBO SET
322646,ZPS6,"PELVIC CLAMP SET, W/CASE AND LID (ZPS6)"
243828,ZSS,(T) ZIMMER SEGMENTS AND COLLARS KIT
1323034,ZSS250,(T) SEGMENTAL CEMENTED BOWED 250 MM STEM IMPLANT KIT
243759,ZSSART,(T) SEGMENTAL ARTICULAR SURFACE/INSERT/HINGE SVC
243829,ZSSST,(T) ZSS STEMS KIT
766684,ZSSXTL,(S) ZSS DISTAL FEMORAL XT COMPONENT AND POLY LEFT
766685,ZSSXTR,ZSS DISTAL FEMORAL XT COMPONENT AND POLY RIGHT
